stage,floors,aspect,azimuth,x,y,tower_plate,tower_long,tower_short,podium_plate,podium_aspect,podium_x,podium_y,new_fail,new_ok,coverage_m2,bcr_pct,far_pct,height_m
E2 층수 하향(범위 밖 참고),25,2.0,150.0,194315.2,546944.7,238.7,21.85,10.92,3400.0,1.6,194299.2,546944.7,23,40,3520.9,37.48,400.0,77.75
E2 층수 하향(범위 밖 참고),25,2.5,165.0,194315.2,546944.7,238.7,24.43,9.77,3400.0,1.6,194315.2,546960.7,25,40,3520.9,37.48,400.0,77.75
E2 층수 하향(범위 밖 참고),25,2.0,165.0,194315.2,546960.7,238.7,21.85,10.92,3400.0,2.2,194299.2,546944.7,29,46,3526.8,37.54,400.0,77.75
E2 층수 하향(범위 밖 참고),20,2.0,165.0,194315.2,546960.7,358.0,26.76,13.38,3400.0,1.6,194315.2,546960.7,29,40,3520.9,37.48,400.0,63.0
E2 층수 하향(범위 밖 참고),20,3.0,150.0,194331.2,546976.7,358.0,32.77,10.92,3400.0,2.2,194299.2,546944.7,29,37,3526.8,37.54,400.0,63.0
E2 층수 하향(범위 밖 참고),20,2.0,150.0,194315.2,546960.7,358.0,26.76,13.38,3400.0,1.6,194315.2,546960.7,30,40,3520.9,37.48,400.0,63.0
E1 저층부 확대(경계 확장),39,3.0,172.5,194305.2,546980.7,192.4,24.03,8.01,3200.0,1.6,194305.2,546952.7,31,52,3317.3,35.31,400.0,119.05
E1 저층부 확대(경계 확장),43,2.5,172.5,194305.2,546980.7,229.7,23.96,9.59,3000.0,1.6,194305.2,546952.7,35,52,3113.6,33.14,400.0,130.85
E2 층수 하향(범위 밖 참고),20,3.0,165.0,194315.2,546960.7,358.0,32.77,10.92,3400.0,2.2,194315.2,546960.7,35,38,3526.8,37.54,400.0,63.0
E2 층수 하향(범위 밖 참고),25,2.5,150.0,194315.2,546976.7,238.7,24.43,9.77,3400.0,1.6,194299.2,546944.7,36,42,3520.9,37.48,400.0,77.75
E2 층수 하향(범위 밖 참고),25,3.0,150.0,194347.2,546976.7,238.7,26.76,8.92,3400.0,2.2,194299.2,546944.7,38,28,3526.8,37.54,400.0,77.75
E1 저층부 확대(경계 확장),43,2.5,165.0,194305.2,546980.7,290.3,26.94,10.78,2800.0,2.2,194291.2,546952.7,39,30,2915.2,31.03,400.0,130.85
E1 저층부 확대(경계 확장),41,2.0,172.5,194305.2,546980.7,309.0,24.86,12.43,2800.0,1.6,194291.2,546938.7,39,44,2909.8,30.97,400.0,124.95
E1 저층부 확대(경계 확장),45,2.0,172.5,194305.2,546980.7,216.6,20.81,10.41,3000.0,3.0,194305.2,546952.7,40,39,3127.5,33.29,400.0,136.75
E1 저층부 확대(경계 확장),43,3.0,157.5,194305.2,546980.7,229.7,26.25,8.75,3000.0,3.0,194305.2,546952.7,41,39,3127.5,33.29,400.0,130.85
E1 저층부 확대(경계 확장),39,2.0,172.5,194305.2,546980.7,261.4,22.86,11.43,3000.0,3.0,194305.2,546952.7,41,39,3127.5,33.29,400.0,119.05
E2 층수 하향(범위 밖 참고),30,2.0,165.0,194315.2,546960.7,479.0,30.95,15.48,2800.0,1.6,194299.2,546944.7,41,50,2909.8,30.97,400.0,92.5
E2 층수 하향(범위 밖 참고),20,2.0,165.0,194331.2,546976.7,358.0,26.76,13.38,3400.0,3.0,194299.2,546960.7,41,14,3535.7,37.63,400.0,63.0
E1 저층부 확대(경계 확장),41,2.0,150.0,194305.2,546980.7,180.0,18.97,9.49,3200.0,2.2,194305.2,546952.7,42,47,3323.0,35.37,400.0,124.95
E1 저층부 확대(경계 확장),39,2.0,157.5,194305.2,546980.7,261.4,22.86,11.43,3000.0,1.6,194305.2,546952.7,42,52,3113.6,33.14,400.0,119.05
E2 층수 하향(범위 밖 참고),39,2.5,165.0,194315.2,546960.7,330.3,28.74,11.5,2800.0,4.0,194315.2,546944.7,42,45,2933.3,31.22,400.0,119.05
E2 층수 하향(범위 밖 참고),25,2.5,165.0,194315.2,546960.7,638.7,39.96,15.98,2800.0,4.0,194315.2,546944.7,42,44,2933.3,31.22,400.0,77.75
E2 층수 하향(범위 밖 참고),20,2.0,150.0,194331.2,546976.7,358.0,26.76,13.38,3400.0,3.0,194299.2,546960.7,42,15,3535.7,37.63,400.0,63.0
E1 저층부 확대(경계 확장),45,2.0,165.0,194319.2,546952.7,273.7,23.4,11.7,2800.0,4.0,194305.2,546952.7,43,40,2933.3,31.22,400.0,136.75
E1 저층부 확대(경계 확장),43,2.5,150.0,194319.2,546952.7,290.3,26.94,10.78,2800.0,1.6,194291.2,546938.7,43,42,2909.8,30.97,400.0,130.85
E1 저층부 확대(경계 확장),43,3.5,157.5,194305.2,546980.7,290.3,31.88,9.11,2800.0,2.2,194291.2,546952.7,43,30,2915.2,31.03,400.0,130.85
E2 층수 하향(범위 밖 참고),25,2.5,165.0,194315.2,546992.7,238.7,24.43,9.77,3400.0,2.2,194299.2,546944.7,43,46,3526.8,37.54,400.0,77.75
E2 층수 하향(범위 밖 참고),25,3.0,165.0,194315.2,546960.7,238.7,26.76,8.92,3400.0,2.2,194315.2,546960.7,43,38,3526.8,37.54,400.0,77.75
E2 층수 하향(범위 밖 참고),20,2.5,165.0,194315.2,546976.7,958.0,48.94,19.58,2800.0,2.2,194315.2,546960.7,44,38,2915.2,31.03,400.0,63.0
E2 층수 하향(범위 밖 참고),25,2.5,165.0,194331.2,546960.7,238.7,24.43,9.77,3400.0,3.0,194299.2,546960.7,45,13,3535.7,37.63,400.0,77.75
E2 층수 하향(범위 밖 참고),20,2.0,165.0,194315.2,546960.7,958.0,43.77,21.89,2800.0,3.0,194299.2,546960.7,45,30,2923.2,31.11,400.0,63.0
E1 저층부 확대(경계 확장),45,3.5,172.5,194333.2,546966.7,273.7,30.95,8.84,2800.0,4.0,194305.2,546952.7,46,37,2933.3,31.22,400.0,136.75
E1 저층부 확대(경계 확장),45,3.0,157.5,194319.2,546952.7,216.6,25.49,8.5,3000.0,2.2,194305.2,546952.7,46,47,3119.2,33.2,400.0,136.75
E1 저층부 확대(경계 확장),43,2.0,157.5,194305.2,546980.7,290.3,24.1,12.05,2800.0,1.6,194291.2,546952.7,46,33,2909.8,30.97,400.0,130.85
E1 저층부 확대(경계 확장),41,3.5,157.5,194333.2,546966.7,309.0,32.89,9.4,2800.0,4.0,194305.2,546952.7,46,37,2933.3,31.22,400.0,124.95
E1 저층부 확대(경계 확장),39,3.5,165.0,194333.2,546966.7,261.4,30.25,8.64,3000.0,2.2,194305.2,546952.7,46,41,3119.2,33.2,400.0,119.05
E2 층수 하향(범위 밖 참고),39,2.5,150.0,194315.2,546960.7,330.3,28.74,11.5,2800.0,1.6,194299.2,546944.7,46,51,2909.8,30.97,400.0,119.05
E1 저층부 확대(경계 확장),41,2.5,165.0,194333.2,546966.7,438.1,33.09,13.24,2400.0,3.0,194319.2,546952.7,47,46,2514.1,26.76,400.0,124.95
E2 층수 하향(범위 밖 참고),35,2.0,150.0,194315.2,546960.7,383.2,27.68,13.84,2800.0,1.6,194299.2,546944.7,47,51,2909.8,30.97,400.0,107.25
E2 층수 하향(범위 밖 참고),35,2.0,165.0,194315.2,546960.7,383.2,27.68,13.84,2800.0,4.0,194315.2,546944.7,47,45,2933.3,31.22,400.0,107.25
E1 저층부 확대(경계 확장),45,3.5,165.0,194319.2,546966.7,388.0,36.85,10.53,2400.0,4.0,194305.2,546952.7,48,44,2523.5,26.86,400.0,136.75
E1 저층부 확대(경계 확장),45,2.5,150.0,194319.2,546952.7,273.7,26.16,10.46,2800.0,3.0,194319.2,546952.7,48,44,2923.2,31.11,400.0,136.75
E1 저층부 확대(경계 확장),41,3.0,172.5,194319.2,546952.7,244.5,27.08,9.03,3000.0,1.6,194305.2,546952.7,48,50,3113.6,33.14,400.0,124.95
E1 저층부 확대(경계 확장),41,3.5,157.5,194319.2,546966.7,244.5,29.25,8.36,3000.0,3.0,194305.2,546952.7,48,39,3127.5,33.29,400.0,124.95
E1 저층부 확대(경계 확장),45,3.5,157.5,194333.2,546980.7,388.0,36.85,10.53,2400.0,3.0,194305.2,546938.7,49,48,2514.1,26.76,400.0,136.75
E1 저층부 확대(경계 확장),45,3.5,172.5,194319.2,546952.7,216.6,27.53,7.87,3000.0,1.6,194305.2,546952.7,49,50,3113.6,33.14,400.0,136.75
E1 저층부 확대(경계 확장),43,3.5,157.5,194319.2,546966.7,411.5,37.95,10.84,2400.0,2.2,194319.2,546952.7,49,48,2506.7,26.68,400.0,130.85
E1 저층부 확대(경계 확장),43,2.5,150.0,194333.2,546966.7,229.7,23.96,9.59,3000.0,3.0,194319.2,546952.7,49,45,3127.5,33.29,400.0,130.85
E1 저층부 확대(경계 확장),39,2.0,150.0,194319.2,546952.7,330.3,25.7,12.85,2800.0,1.6,194291.2,546938.7,49,41,2909.8,30.97,400.0,119.05
E1 저층부 확대(경계 확장),39,2.5,165.0,194319.2,546966.7,330.3,28.74,11.5,2800.0,2.2,194305.2,546952.7,49,50,2915.2,31.03,400.0,119.05
E1 저층부 확대(경계 확장),39,2.5,150.0,194333.2,546966.7,192.4,21.93,8.77,3200.0,1.6,194305.2,546952.7,49,45,3317.3,35.31,400.0,119.05
E2 층수 하향(범위 밖 참고),35,2.5,165.0,194315.2,546976.7,383.2,30.95,12.38,2800.0,1.6,194299.2,546944.7,49,52,2909.8,30.97,400.0,107.25
E1 저층부 확대(경계 확장),45,3.5,150.0,194333.2,546966.7,273.7,30.95,8.84,2800.0,1.6,194291.2,546938.7,50,34,2909.8,30.97,400.0,136.75
E1 저층부 확대(경계 확장),45,3.5,150.0,194319.2,546952.7,216.6,27.53,7.87,3000.0,3.0,194319.2,546952.7,50,44,3127.5,33.29,400.0,136.75
E1 저층부 확대(경계 확장),41,2.0,165.0,194319.2,546952.7,309.0,24.86,12.43,2800.0,2.2,194291.2,546952.7,50,28,2915.2,31.03,400.0,124.95
E1 저층부 확대(경계 확장),41,2.5,172.5,194319.2,546952.7,309.0,27.8,11.12,2800.0,1.6,194305.2,546952.7,50,52,2909.8,30.97,400.0,124.95
E2 층수 하향(범위 밖 참고),39,2.0,150.0,194331.2,546960.7,330.3,25.7,12.85,2800.0,4.0,194315.2,546944.7,50,46,2933.3,31.22,400.0,119.05
E2 층수 하향(범위 밖 참고),39,2.5,165.0,194315.2,546976.7,330.3,28.74,11.5,2800.0,2.2,194299.2,546944.7,50,49,2915.2,31.03,400.0,119.05
E2 층수 하향(범위 밖 참고),25,3.0,165.0,194315.2,546960.7,638.7,43.77,14.59,2800.0,3.0,194299.2,546960.7,50,31,2923.2,31.11,400.0,77.75
E2 층수 하향(범위 밖 참고),25,2.0,150.0,194331.2,546960.7,238.7,21.85,10.92,3400.0,2.2,194299.2,546960.7,50,24,3526.8,37.54,400.0,77.75
E2 층수 하향(범위 밖 참고),25,3.0,150.0,194315.2,546960.7,238.7,26.76,8.92,3400.0,3.0,194299.2,546960.7,50,19,3535.7,37.63,400.0,77.75
E2 층수 하향(범위 밖 참고),20,2.5,150.0,194315.2,546976.7,358.0,29.92,11.97,3400.0,2.2,194315.2,546960.7,50,37,3526.8,37.54,400.0,63.0
E2 층수 하향(범위 밖 참고),20,2.5,165.0,194315.2,546976.7,358.0,29.92,11.97,3400.0,2.2,194299.2,546960.7,50,32,3526.8,37.54,400.0,63.0
E1 저층부 확대(경계 확장),45,3.0,150.0,194333.2,546980.7,388.0,34.12,11.37,2400.0,3.0,194305.2,546938.7,51,48,2514.1,26.76,400.0,136.75
E1 저층부 확대(경계 확장),45,3.5,165.0,194319.2,546952.7,216.6,27.53,7.87,3000.0,2.2,194291.2,546952.7,51,28,3119.2,33.2,400.0,136.75
E1 저층부 확대(경계 확장),43,3.5,150.0,194319.2,546952.7,290.3,31.88,9.11,2800.0,3.0,194305.2,546952.7,51,44,2923.2,31.11,400.0,130.85
E1 저층부 확대(경계 확장),41,2.5,172.5,194319.2,546966.7,438.1,33.09,13.24,2400.0,1.6,194291.2,546938.7,51,47,2501.7,26.63,400.0,124.95
E1 저층부 확대(경계 확장),39,3.0,157.5,194333.2,546980.7,261.4,28.0,9.33,3000.0,2.2,194305.2,546952.7,51,40,3119.2,33.2,400.0,119.05
E2 층수 하향(범위 밖 참고),25,2.0,165.0,194331.2,546976.7,1172.0,48.41,24.21,2000.0,4.0,194315.2,546944.7,51,41,2112.8,22.49,400.0,77.75
E1 저층부 확대(경계 확장),43,2.5,150.0,194319.2,546952.7,411.5,32.07,12.83,2400.0,3.0,194319.2,546952.7,52,43,2514.1,26.76,400.0,130.85
E1 저층부 확대(경계 확장),43,2.5,157.5,194263.2,546938.7,411.5,32.07,12.83,2400.0,1.6,194291.2,546938.7,52,27,2501.7,26.63,400.0,130.85
E1 저층부 확대(경계 확장),43,2.5,165.0,194305.2,546980.7,411.5,32.07,12.83,2400.0,3.0,194319.2,546952.7,52,43,2514.1,26.76,400.0,130.85
E1 저층부 확대(경계 확장),39,3.0,165.0,194305.2,546980.7,330.3,31.48,10.49,2800.0,2.2,194305.2,546966.7,52,42,2915.2,31.03,400.0,119.05
E2 층수 하향(범위 밖 참고),35,2.5,165.0,194315.2,546960.7,703.2,41.93,16.77,2000.0,4.0,194315.2,546944.7,52,51,2112.8,22.49,400.0,107.25
E2 층수 하향(범위 밖 참고),35,2.0,165.0,194315.2,546976.7,383.2,27.68,13.84,2800.0,2.2,194299.2,546944.7,52,49,2915.2,31.03,400.0,107.25
E2 층수 하향(범위 밖 참고),35,3.0,150.0,194347.2,546976.7,383.2,33.91,11.3,2800.0,4.0,194315.2,546944.7,52,45,2933.3,31.22,400.0,107.25
E1 저층부 확대(경계 확장),41,3.5,165.0,194319.2,546966.7,309.0,32.89,9.4,2800.0,1.6,194305.2,546952.7,53,53,2909.8,30.97,400.0,124.95
E1 저층부 확대(경계 확장),39,3.5,150.0,194319.2,546952.7,261.4,30.25,8.64,3000.0,3.0,194319.2,546952.7,53,44,3127.5,33.29,400.0,119.05
E1 저층부 확대(경계 확장),39,2.5,172.5,194305.2,546966.7,192.4,21.93,8.77,3200.0,2.2,194305.2,546952.7,53,47,3323.0,35.37,400.0,119.05
E1 저층부 확대(경계 확장),41,3.0,172.5,194319.2,546980.7,438.1,36.25,12.08,2400.0,3.0,194305.2,546938.7,54,52,2514.1,26.76,400.0,124.95
E1 저층부 확대(경계 확장),41,3.0,165.0,194333.2,546980.7,180.0,23.24,7.75,3200.0,2.2,194305.2,546952.7,54,40,3323.0,35.37,400.0,124.95
E1 저층부 확대(경계 확장),41,3.5,157.5,194319.2,546952.7,180.0,25.1,7.17,3200.0,1.6,194291.2,546952.7,54,25,3317.3,35.31,400.0,124.95
E1 저층부 확대(경계 확장),45,2.0,157.5,194333.2,546980.7,388.0,27.86,13.93,2400.0,3.0,194305.2,546938.7,55,48,2514.1,26.76,400.0,136.75
E1 저층부 확대(경계 확장),45,3.5,157.5,194347.2,546980.7,273.7,30.95,8.84,2800.0,3.0,194305.2,546952.7,55,33,2923.2,31.11,400.0,136.75
E1 저층부 확대(경계 확장),43,3.0,157.5,194305.2,546980.7,290.3,29.51,9.84,2800.0,1.6,194319.2,546966.7,55,36,2909.8,30.97,400.0,130.85
E1 저층부 확대(경계 확장),41,3.0,157.5,194319.2,546966.7,438.1,36.25,12.08,2400.0,4.0,194305.2,546952.7,55,39,2523.5,26.86,400.0,124.95
E1 저층부 확대(경계 확장),41,3.5,165.0,194305.2,546966.7,438.1,39.16,11.19,2400.0,3.0,194305.2,546938.7,55,56,2514.1,26.76,400.0,124.95
E1 저층부 확대(경계 확장),41,3.5,165.0,194305.2,546980.7,244.5,29.25,8.36,3000.0,2.2,194291.2,546966.7,55,33,3119.2,33.2,400.0,124.95
E1 저층부 확대(경계 확장),39,2.0,150.0,194333.2,546980.7,192.4,19.62,9.81,3200.0,2.2,194305.2,546952.7,55,41,3323.0,35.37,400.0,119.05
E2 층수 하향(범위 밖 참고),39,2.0,150.0,194331.2,546976.7,330.3,25.7,12.85,2800.0,2.2,194299.2,546944.7,55,40,2915.2,31.03,400.0,119.05
E2 층수 하향(범위 밖 참고),39,2.0,165.0,194315.2,546960.7,330.3,25.7,12.85,2800.0,1.6,194315.2,546960.7,55,46,2909.8,30.97,400.0,119.05
E2 층수 하향(범위 밖 참고),20,2.5,165.0,194299.2,546960.7,358.0,29.92,11.97,3400.0,1.6,194299.2,546944.7,55,34,3520.9,37.48,400.0,63.0
E1 저층부 확대(경계 확장),45,3.0,165.0,194333.2,546980.7,273.7,28.66,9.55,2800.0,3.0,194319.2,546952.7,56,44,2923.2,31.11,400.0,136.75
E1 저층부 확대(경계 확장),43,2.0,150.0,194333.2,546966.7,411.5,28.69,14.34,2400.0,1.6,194291.2,546938.7,56,38,2501.7,26.63,400.0,130.85
E1 저층부 확대(경계 확장),45,3.5,165.0,194305.2,546980.7,273.7,30.95,8.84,2800.0,3.0,194291.2,546966.7,57,25,2923.2,31.11,400.0,136.75
E1 저층부 확대(경계 확장),43,3.0,165.0,194305.2,546980.7,229.7,26.25,8.75,3000.0,2.2,194291.2,546966.7,57,33,3119.2,33.2,400.0,130.85
E1 저층부 확대(경계 확장),39,2.5,172.5,194305.2,546980.7,468.3,34.22,13.69,2400.0,1.6,194305.2,546952.7,57,55,2501.7,26.63,400.0,119.05
E1 저층부 확대(경계 확장),39,2.5,157.5,194305.2,546980.7,330.3,28.74,11.5,2800.0,1.6,194319.2,546966.7,57,36,2909.8,30.97,400.0,119.05
E1 저층부 확대(경계 확장),39,3.5,157.5,194305.2,546980.7,330.3,34.0,9.72,2800.0,3.0,194305.2,546966.7,57,34,2923.2,31.11,400.0,119.05
E1 저층부 확대(경계 확장),39,3.5,165.0,194319.2,546980.7,330.3,34.0,9.72,2800.0,1.6,194291.2,546938.7,57,43,2909.8,30.97,400.0,119.05
E1 저층부 확대(경계 확장),39,2.5,172.5,194319.2,546980.7,261.4,25.56,10.23,3000.0,3.0,194319.2,546952.7,57,43,3127.5,33.29,400.0,119.05
E1 저층부 확대(경계 확장),39,3.5,150.0,194333.2,546994.7,261.4,30.25,8.64,3000.0,3.0,194305.2,546952.7,57,33,3127.5,33.29,400.0,119.05
E1 저층부 확대(경계 확장),39,2.5,165.0,194319.2,546966.7,192.4,21.93,8.77,3200.0,1.6,194291.2,546952.7,57,27,3317.3,35.31,400.0,119.05
E1 저층부 확대(경계 확장),45,3.5,157.5,194333.2,546994.7,216.6,27.53,7.87,3000.0,2.2,194305.2,546952.7,58,39,3119.2,33.2,400.0,136.75
E1 저층부 확대(경계 확장),43,3.0,165.0,194305.2,546966.7,290.3,29.51,9.84,2800.0,2.2,194305.2,546952.7,58,51,2915.2,31.03,400.0,130.85
E1 저층부 확대(경계 확장),39,3.5,172.5,194319.2,546980.7,330.3,34.0,9.72,2800.0,1.6,194305.2,546952.7,58,53,2909.8,30.97,400.0,119.05
E2 층수 하향(범위 밖 참고),25,2.0,150.0,194315.2,546992.7,238.7,21.85,10.92,3400.0,1.6,194315.2,546960.7,58,37,3520.9,37.48,400.0,77.75
E1 저층부 확대(경계 확장),45,2.5,165.0,194319.2,546980.7,273.7,26.16,10.46,2800.0,1.6,194305.2,546952.7,59,53,2909.8,30.97,400.0,136.75
E1 저층부 확대(경계 확장),43,3.0,150.0,194319.2,546966.7,411.5,35.14,11.71,2400.0,2.2,194319.2,546952.7,59,46,2506.7,26.68,400.0,130.85
E1 저층부 확대(경계 확장),43,3.0,157.5,194333.2,546994.7,411.5,35.14,11.71,2400.0,1.6,194291.2,546938.7,59,40,2501.7,26.63,400.0,130.85
E1 저층부 확대(경계 확장),43,3.5,150.0,194319.2,546966.7,411.5,37.95,10.84,2400.0,1.6,194291.2,546938.7,59,43,2501.7,26.63,400.0,130.85
E1 저층부 확대(경계 확장),43,2.0,165.0,194333.2,546980.7,290.3,24.1,12.05,2800.0,3.0,194319.2,546952.7,59,44,2923.2,31.11,400.0,130.85
E1 저층부 확대(경계 확장),39,2.0,157.5,194305.2,546980.7,192.4,19.62,9.81,3200.0,3.0,194291.2,546966.7,59,22,3331.6,35.46,400.0,119.05
E2 층수 하향(범위 밖 참고),35,2.0,165.0,194315.2,546960.7,703.2,37.5,18.75,2000.0,2.2,194315.2,546960.7,59,50,2097.5,22.33,400.0,107.25
E1 저층부 확대(경계 확장),45,3.0,165.0,194319.2,546966.7,388.0,34.12,11.37,2400.0,2.2,194291.2,546952.7,60,33,2506.7,26.68,400.0,136.75
E1 저층부 확대(경계 확장),43,2.0,172.5,194319.2,546980.7,411.5,28.69,14.34,2400.0,2.2,194319.2,546952.7,60,46,2506.7,26.68,400.0,130.85
E1 저층부 확대(경계 확장),41,2.0,157.5,194333.2,546980.7,438.1,29.6,14.8,2400.0,3.0,194319.2,546952.7,60,45,2514.1,26.76,400.0,124.95
E1 저층부 확대(경계 확장),41,2.0,165.0,194305.2,546966.7,438.1,29.6,14.8,2400.0,1.6,194291.2,546938.7,60,49,2501.7,26.63,400.0,124.95
E1 저층부 확대(경계 확장),39,3.5,165.0,194333.2,546994.7,192.4,25.95,7.41,3200.0,2.2,194305.2,546952.7,60,38,3323.0,35.37,400.0,119.05
E2 층수 하향(범위 밖 참고),39,3.0,165.0,194315.2,546976.7,606.2,42.65,14.22,2000.0,2.2,194315.2,546960.7,60,50,2097.5,22.33,400.0,119.05
E2 층수 하향(범위 밖 참고),39,3.0,165.0,194299.2,546976.7,330.3,31.48,10.49,2800.0,1.6,194299.2,546944.7,60,49,2909.8,30.97,400.0,119.05
E2 층수 하향(범위 밖 참고),35,2.5,150.0,194315.2,546960.7,383.2,30.95,12.38,2800.0,1.6,194315.2,546960.7,60,46,2909.8,30.97,400.0,107.25
E2 층수 하향(범위 밖 참고),30,3.0,165.0,194315.2,546960.7,479.0,37.91,12.64,2800.0,2.2,194299.2,546960.7,60,41,2915.2,31.03,400.0,92.5
E1 저층부 확대(경계 확장),45,2.0,150.0,194319.2,546966.7,273.7,23.4,11.7,2800.0,1.6,194305.2,546952.7,61,51,2909.8,30.97,400.0,136.75
E1 저층부 확대(경계 확장),45,3.0,150.0,194305.2,546980.7,273.7,28.66,9.55,2800.0,4.0,194305.2,546952.7,61,34,2933.3,31.22,400.0,136.75
E1 저층부 확대(경계 확장),43,2.5,172.5,194305.2,546966.7,411.5,32.07,12.83,2400.0,1.6,194291.2,546938.7,61,49,2501.7,26.63,400.0,130.85
E1 저층부 확대(경계 확장),43,3.0,172.5,194319.2,546980.7,411.5,35.14,11.71,2400.0,3.0,194305.2,546952.7,61,51,2514.1,26.76,400.0,130.85
E1 저층부 확대(경계 확장),43,2.5,165.0,194333.2,546966.7,229.7,23.96,9.59,3000.0,2.2,194291.2,546952.7,61,21,3119.2,33.2,400.0,130.85
E1 저층부 확대(경계 확장),41,2.5,150.0,194319.2,546966.7,438.1,33.09,13.24,2400.0,4.0,194305.2,546952.7,61,37,2523.5,26.86,400.0,124.95
E1 저층부 확대(경계 확장),41,3.0,150.0,194333.2,546994.7,438.1,36.25,12.08,2400.0,3.0,194305.2,546938.7,61,48,2514.1,26.76,400.0,124.95
E2 층수 하향(범위 밖 참고),35,3.0,165.0,194331.2,546976.7,703.2,45.93,15.31,2000.0,3.0,194315.2,546960.7,61,45,2104.3,22.4,400.0,107.25
E2 층수 하향(범위 밖 참고),30,3.0,165.0,194331.2,546976.7,479.0,37.91,12.64,2800.0,4.0,194299.2,546960.7,61,22,2933.3,31.22,400.0,92.5
E2 층수 하향(범위 밖 참고),25,2.0,165.0,194315.2,546976.7,1172.0,48.41,24.21,2000.0,2.2,194299.2,546944.7,61,51,2097.5,22.33,400.0,77.75
E2 층수 하향(범위 밖 참고),20,3.0,165.0,194331.2,546992.7,358.0,32.77,10.92,3400.0,1.6,194315.2,546976.7,61,24,3520.9,37.48,400.0,63.0
E1 저층부 확대(경계 확장),45,2.5,165.0,194277.2,546924.7,273.7,26.16,10.46,2800.0,1.6,194291.2,546938.7,62,25,2909.8,30.97,400.0,136.75
E1 저층부 확대(경계 확장),41,2.5,150.0,194333.2,546994.7,438.1,33.09,13.24,2400.0,1.6,194291.2,546938.7,62,38,2501.7,26.63,400.0,124.95
E2 층수 하향(범위 밖 참고),25,2.5,150.0,194331.2,546992.7,238.7,24.43,9.77,3400.0,2.2,194299.2,546960.7,62,23,3526.8,37.54,400.0,77.75
E2 층수 하향(범위 밖 참고),20,3.0,150.0,194331.2,546976.7,958.0,53.61,17.87,2800.0,2.2,194299.2,546960.7,62,29,2915.2,31.03,400.0,63.0
E1 저층부 확대(경계 확장),45,2.0,150.0,194333.2,546994.7,273.7,23.4,11.7,2800.0,3.0,194305.2,546952.7,63,37,2923.2,31.11,400.0,136.75
E1 저층부 확대(경계 확장),45,3.0,157.5,194319.2,546966.7,273.7,28.66,9.55,2800.0,1.6,194291.2,546952.7,63,31,2909.8,30.97,400.0,136.75
E1 저층부 확대(경계 확장),45,2.5,172.5,194333.2,546994.7,216.6,23.27,9.31,3000.0,3.0,194305.2,546952.7,63,32,3127.5,33.29,400.0,136.75
E1 저층부 확대(경계 확장),43,3.5,172.5,194305.2,546952.7,411.5,37.95,10.84,2400.0,1.6,194291.2,546938.7,63,47,2501.7,26.63,400.0,130.85
E1 저층부 확대(경계 확장),43,3.5,172.5,194319.2,546980.7,411.5,37.95,10.84,2400.0,1.6,194305.2,546952.7,63,53,2501.7,26.63,400.0,130.85
E1 저층부 확대(경계 확장),43,3.0,172.5,194277.2,546924.7,290.3,29.51,9.84,2800.0,1.6,194291.2,546938.7,63,26,2909.8,30.97,400.0,130.85
E1 저층부 확대(경계 확장),41,3.0,172.5,194333.2,546980.7,309.0,30.45,10.15,2800.0,3.0,194305.2,546952.7,63,38,2923.2,31.11,400.0,124.95
E2 층수 하향(범위 밖 참고),30,2.5,150.0,194331.2,546976.7,879.0,46.88,18.75,2000.0,3.0,194315.2,546944.7,63,46,2104.3,22.4,400.0,92.5
E2 층수 하향(범위 밖 참고),25,2.0,165.0,194347.2,546976.7,238.7,21.85,10.92,3400.0,1.6,194299.2,546960.7,63,18,3520.9,37.48,400.0,77.75
E1 저층부 확대(경계 확장),45,2.5,150.0,194319.2,546980.7,388.0,31.14,12.46,2400.0,4.0,194305.2,546952.7,64,37,2523.5,26.86,400.0,136.75
E1 저층부 확대(경계 확장),45,3.0,165.0,194319.2,546952.7,216.6,25.49,8.5,3000.0,1.6,194305.2,546966.7,64,43,3113.6,33.14,400.0,136.75
E1 저층부 확대(경계 확장),43,3.5,157.5,194319.2,546980.7,229.7,28.35,8.1,3000.0,3.0,194319.2,546952.7,64,40,3127.5,33.29,400.0,130.85
E1 저층부 확대(경계 확장),41,2.5,157.5,194319.2,546966.7,438.1,33.09,13.24,2400.0,2.2,194291.2,546952.7,64,29,2506.7,26.68,400.0,124.95
E1 저층부 확대(경계 확장),41,3.0,150.0,194319.2,546980.7,309.0,30.45,10.15,2800.0,3.0,194319.2,546952.7,64,37,2923.2,31.11,400.0,124.95
E1 저층부 확대(경계 확장),41,2.5,165.0,194319.2,546994.7,244.5,24.72,9.89,3000.0,1.6,194305.2,546952.7,64,47,3113.6,33.14,400.0,124.95
E2 층수 하향(범위 밖 참고),39,2.5,165.0,194315.2,546976.7,606.2,38.93,15.57,2000.0,1.6,194283.2,546944.7,64,35,2092.9,22.28,400.0,119.05
E2 층수 하향(범위 밖 참고),39,2.5,150.0,194331.2,546976.7,330.3,28.74,11.5,2800.0,4.0,194299.2,546960.7,64,24,2933.3,31.22,400.0,119.05
E2 층수 하향(범위 밖 참고),39,3.0,150.0,194331.2,546960.7,330.3,31.48,10.49,2800.0,3.0,194299.2,546960.7,64,23,2923.2,31.11,400.0,119.05
E2 층수 하향(범위 밖 참고),35,3.0,150.0,194331.2,546976.7,703.2,45.93,15.31,2000.0,3.0,194299.2,546944.7,64,41,2104.3,22.4,400.0,107.25
E2 층수 하향(범위 밖 참고),25,3.0,165.0,194347.2,546976.7,238.7,26.76,8.92,3400.0,1.6,194315.2,546976.7,64,23,3520.9,37.48,400.0,77.75
E1 저층부 확대(경계 확장),45,2.5,157.5,194333.2,546966.7,388.0,31.14,12.46,2400.0,2.2,194291.2,546952.7,65,23,2506.7,26.68,400.0,136.75
E1 저층부 확대(경계 확장),45,2.0,157.5,194305.2,546980.7,273.7,23.4,11.7,2800.0,3.0,194291.2,546966.7,65,25,2923.2,31.11,400.0,136.75
E1 저층부 확대(경계 확장),45,3.5,157.5,194319.2,546952.7,216.6,27.53,7.87,3000.0,2.2,194305.2,546966.7,65,39,3119.2,33.2,400.0,136.75
E1 저층부 확대(경계 확장),43,2.0,165.0,194319.2,546980.7,411.5,28.69,14.34,2400.0,1.6,194291.2,546938.7,65,46,2501.7,26.63,400.0,130.85
E1 저층부 확대(경계 확장),43,2.0,157.5,194319.2,546952.7,229.7,21.43,10.72,3000.0,2.2,194305.2,546966.7,65,39,3119.2,33.2,400.0,130.85
E1 저층부 확대(경계 확장),43,2.5,157.5,194333.2,546966.7,229.7,23.96,9.59,3000.0,2.2,194305.2,546966.7,65,33,3119.2,33.2,400.0,130.85
E1 저층부 확대(경계 확장),43,3.0,172.5,194319.2,546980.7,229.7,26.25,8.75,3000.0,1.6,194319.2,546966.7,65,35,3113.6,33.14,400.0,130.85
E1 저층부 확대(경계 확장),41,3.5,172.5,194305.2,546966.7,438.1,39.16,11.19,2400.0,4.0,194305.2,546952.7,65,42,2523.5,26.86,400.0,124.95
E1 저층부 확대(경계 확장),41,2.0,172.5,194333.2,546980.7,244.5,22.11,11.06,3000.0,3.0,194319.2,546952.7,65,44,3127.5,33.29,400.0,124.95
E2 층수 하향(범위 밖 참고),30,2.5,165.0,194315.2,546976.7,479.0,34.6,13.84,2800.0,3.0,194299.2,546960.7,65,33,2923.2,31.11,400.0,92.5
E1 저층부 확대(경계 확장),41,2.0,165.0,194319.2,546966.7,180.0,18.97,9.49,3200.0,1.6,194319.2,546966.7,66,35,3317.3,35.31,400.0,124.95
E1 저층부 확대(경계 확장),39,3.5,157.5,194319.2,546966.7,468.3,40.48,11.57,2400.0,1.6,194319.2,546966.7,66,39,2501.7,26.63,400.0,119.05
E2 층수 하향(범위 밖 참고),39,2.0,165.0,194315.2,546976.7,606.2,34.82,17.41,2000.0,1.6,194283.2,546944.7,66,34,2092.9,22.28,400.0,119.05
E2 층수 하향(범위 밖 참고),30,2.0,165.0,194315.2,546976.7,479.0,30.95,15.48,2800.0,2.2,194299.2,546960.7,66,43,2915.2,31.03,400.0,92.5
E2 층수 하향(범위 밖 참고),25,2.5,150.0,194331.2,546976.7,1172.0,54.13,21.65,2000.0,4.0,194315.2,546960.7,66,36,2112.8,22.49,400.0,77.75
E2 층수 하향(범위 밖 참고),25,2.5,150.0,194315.2,546976.7,638.7,39.96,15.98,2800.0,2.2,194299.2,546960.7,66,38,2915.2,31.03,400.0,77.75
E1 저층부 확대(경계 확장),45,3.0,172.5,194305.2,546980.7,388.0,34.12,11.37,2400.0,3.0,194291.2,546966.7,67,31,2514.1,26.76,400.0,136.75
E1 저층부 확대(경계 확장),45,3.0,165.0,194333.2,546994.7,216.6,25.49,8.5,3000.0,1.6,194305.2,546952.7,67,39,3113.6,33.14,400.0,136.75
E1 저층부 확대(경계 확장),43,2.0,150.0,194319.2,546994.7,290.3,24.1,12.05,2800.0,4.0,194305.2,546952.7,67,31,2933.3,31.22,400.0,130.85
E1 저층부 확대(경계 확장),43,2.0,165.0,194333.2,546980.7,229.7,21.43,10.72,3000.0,1.6,194319.2,546966.7,67,32,3113.6,33.14,400.0,130.85
E1 저층부 확대(경계 확장),41,3.0,150.0,194319.2,546994.7,244.5,27.08,9.03,3000.0,3.0,194305.2,546952.7,67,34,3127.5,33.29,400.0,124.95
E1 저층부 확대(경계 확장),39,2.5,157.5,194305.2,546980.7,468.3,34.22,13.69,2400.0,2.2,194319.2,546952.7,67,44,2506.7,26.68,400.0,119.05
E1 저층부 확대(경계 확장),39,3.5,150.0,194319.2,546980.7,330.3,34.0,9.72,2800.0,3.0,194319.2,546952.7,67,37,2923.2,31.11,400.0,119.05
E1 저층부 확대(경계 확장),39,2.0,165.0,194333.2,546966.7,261.4,22.86,11.43,3000.0,3.0,194305.2,546966.7,67,26,3127.5,33.29,400.0,119.05
E1 저층부 확대(경계 확장),39,3.0,157.5,194319.2,546966.7,192.4,24.03,8.01,3200.0,1.6,194319.2,546966.7,67,35,3317.3,35.31,400.0,119.05
E1 저층부 확대(경계 확장),45,3.0,172.5,194305.2,546952.7,388.0,34.12,11.37,2400.0,3.0,194305.2,546938.7,68,55,2514.1,26.76,400.0,136.75
E1 저층부 확대(경계 확장),45,3.0,172.5,194333.2,546966.7,273.7,28.66,9.55,2800.0,3.0,194305.2,546966.7,68,27,2923.2,31.11,400.0,136.75
E1 저층부 확대(경계 확장),45,2.5,157.5,194305.2,546966.7,216.6,23.27,9.31,3000.0,2.2,194291.2,546952.7,68,30,3119.2,33.2,400.0,136.75
E1 저층부 확대(경계 확장),41,2.0,157.5,194333.2,546966.7,309.0,24.86,12.43,2800.0,1.6,194305.2,546966.7,68,37,2909.8,30.97,400.0,124.95
E1 저층부 확대(경계 확장),41,3.5,172.5,194305.2,546966.7,180.0,25.1,7.17,3200.0,3.0,194291.2,546966.7,68,22,3331.6,35.46,400.0,124.95
E1 저층부 확대(경계 확장),39,2.0,165.0,194347.2,546966.7,192.4,19.62,9.81,3200.0,1.6,194319.2,546966.7,68,31,3317.3,35.31,400.0,119.05
E1 저층부 확대(경계 확장),39,3.5,150.0,194333.2,546980.7,192.4,25.95,7.41,3200.0,2.2,194305.2,546966.7,68,32,3323.0,35.37,400.0,119.05
E2 층수 하향(범위 밖 참고),35,3.0,165.0,194315.2,546976.7,383.2,33.91,11.3,2800.0,3.0,194315.2,546960.7,68,40,2923.2,31.11,400.0,107.25
E2 층수 하향(범위 밖 참고),30,2.0,165.0,194315.2,546976.7,879.0,41.93,20.96,2000.0,2.2,194315.2,546960.7,68,47,2097.5,22.33,400.0,92.5
E1 저층부 확대(경계 확장),45,3.0,165.0,194319.2,546952.7,273.7,28.66,9.55,2800.0,1.6,194291.2,546966.7,69,37,2909.8,30.97,400.0,136.75
E1 저층부 확대(경계 확장),41,3.0,172.5,194319.2,546952.7,309.0,30.45,10.15,2800.0,1.6,194291.2,546966.7,69,37,2909.8,30.97,400.0,124.95
E1 저층부 확대(경계 확장),41,3.5,172.5,194319.2,546966.7,309.0,32.89,9.4,2800.0,1.6,194305.2,546966.7,69,45,2909.8,30.97,400.0,124.95
E1 저층부 확대(경계 확장),39,2.0,150.0,194319.2,546994.7,468.3,30.6,15.3,2400.0,2.2,194319.2,546952.7,69,43,2506.7,26.68,400.0,119.05
E1 저층부 확대(경계 확장),39,3.0,157.5,194319.2,546980.7,330.3,31.48,10.49,2800.0,2.2,194291.2,546952.7,69,27,2915.2,31.03,400.0,119.05
E1 저층부 확대(경계 확장),39,2.5,165.0,194319.2,546980.7,261.4,25.56,10.23,3000.0,1.6,194291.2,546952.7,69,29,3113.6,33.14,400.0,119.05
E1 저층부 확대(경계 확장),39,2.5,157.5,194319.2,546966.7,192.4,21.93,8.77,3200.0,2.2,194305.2,546966.7,69,35,3323.0,35.37,400.0,119.05
E2 층수 하향(범위 밖 참고),39,3.0,150.0,194315.2,546960.7,606.2,42.65,14.22,2000.0,1.6,194315.2,546960.7,69,51,2092.9,22.28,400.0,119.05
E2 층수 하향(범위 밖 참고),35,3.0,150.0,194315.2,546976.7,703.2,45.93,15.31,2000.0,1.6,194299.2,546944.7,69,52,2092.9,22.28,400.0,107.25
E2 층수 하향(범위 밖 참고),25,2.5,150.0,194299.2,546960.7,638.7,39.96,15.98,2800.0,1.6,194299.2,546944.7,69,41,2909.8,30.97,400.0,77.75
E1 저층부 확대(경계 확장),45,2.5,157.5,194263.2,546938.7,388.0,31.14,12.46,2400.0,1.6,194277.2,546952.7,70,26,2501.7,26.63,400.0,136.75
E1 저층부 확대(경계 확장),45,2.5,150.0,194347.2,546980.7,273.7,26.16,10.46,2800.0,1.6,194319.2,546966.7,70,32,2909.8,30.97,400.0,136.75
E1 저층부 확대(경계 확장),45,2.5,172.5,194319.2,546952.7,216.6,23.27,9.31,3000.0,3.0,194291.2,546966.7,70,19,3127.5,33.29,400.0,136.75
E1 저층부 확대(경계 확장),43,2.5,172.5,194333.2,546980.7,411.5,32.07,12.83,2400.0,1.6,194305.2,546952.7,70,42,2501.7,26.63,400.0,130.85
E1 저층부 확대(경계 확장),43,3.5,150.0,194333.2,546994.7,411.5,37.95,10.84,2400.0,1.6,194305.2,546952.7,70,43,2501.7,26.63,400.0,130.85
E1 저층부 확대(경계 확장),43,2.0,172.5,194319.2,546966.7,290.3,24.1,12.05,2800.0,3.0,194305.2,546966.7,70,34,2923.2,31.11,400.0,130.85
E1 저층부 확대(경계 확장),43,3.5,165.0,194319.2,546966.7,290.3,31.88,9.11,2800.0,2.2,194305.2,546966.7,70,41,2915.2,31.03,400.0,130.85
E1 저층부 확대(경계 확장),43,2.0,172.5,194319.2,546980.7,229.7,21.43,10.72,3000.0,1.6,194291.2,546952.7,70,29,3113.6,33.14,400.0,130.85
E1 저층부 확대(경계 확장),43,3.5,150.0,194333.2,546980.7,229.7,28.35,8.1,3000.0,1.6,194291.2,546952.7,70,20,3113.6,33.14,400.0,130.85
E1 저층부 확대(경계 확장),41,3.5,157.5,194277.2,546924.7,438.1,39.16,11.19,2400.0,1.6,194291.2,546938.7,70,25,2501.7,26.63,400.0,124.95
E1 저층부 확대(경계 확장),41,2.5,150.0,194319.2,546994.7,309.0,27.8,11.12,2800.0,3.0,194305.2,546952.7,70,39,2923.2,31.11,400.0,124.95
E1 저층부 확대(경계 확장),41,3.5,172.5,194333.2,546980.7,244.5,29.25,8.36,3000.0,1.6,194319.2,546966.7,70,32,3113.6,33.14,400.0,124.95
E1 저층부 확대(경계 확장),39,2.5,172.5,194277.2,546938.7,330.3,28.74,11.5,2800.0,1.6,194291.2,546938.7,70,28,2909.8,30.97,400.0,119.05
E2 층수 하향(범위 밖 참고),39,2.0,150.0,194315.2,546976.7,606.2,34.82,17.41,2000.0,1.6,194315.2,546960.7,70,48,2092.9,22.28,400.0,119.05
E2 층수 하향(범위 밖 참고),39,3.0,165.0,194331.2,546976.7,330.3,31.48,10.49,2800.0,2.2,194299.2,546960.7,70,34,2915.2,31.03,400.0,119.05
E2 층수 하향(범위 밖 참고),35,3.0,165.0,194315.2,546960.7,383.2,33.91,11.3,2800.0,1.6,194315.2,546976.7,70,29,2909.8,30.97,400.0,107.25
E2 층수 하향(범위 밖 참고),20,2.0,150.0,194315.2,546976.7,958.0,43.77,21.89,2800.0,3.0,194315.2,546960.7,70,36,2923.2,31.11,400.0,63.0
E1 저층부 확대(경계 확장),45,2.5,165.0,194305.2,546952.7,388.0,31.14,12.46,2400.0,3.0,194305.2,546938.7,71,55,2514.1,26.76,400.0,136.75
E1 저층부 확대(경계 확장),45,2.5,165.0,194333.2,546966.7,388.0,31.14,12.46,2400.0,3.0,194291.2,546966.7,71,17,2514.1,26.76,400.0,136.75
E1 저층부 확대(경계 확장),45,2.0,165.0,194305.2,546952.7,216.6,20.81,10.41,3000.0,1.6,194305.2,546952.7,71,52,3113.6,33.14,400.0,136.75
E1 저층부 확대(경계 확장),43,2.0,165.0,194319.2,546952.7,290.3,24.1,12.05,2800.0,1.6,194291.2,546966.7,71,37,2909.8,30.97,400.0,130.85
E1 저층부 확대(경계 확장),43,3.0,150.0,194305.2,546980.7,229.7,26.25,8.75,3000.0,3.0,194291.2,546966.7,71,24,3127.5,33.29,400.0,130.85
E1 저층부 확대(경계 확장),41,3.0,157.5,194319.2,546966.7,309.0,30.45,10.15,2800.0,3.0,194305.2,546966.7,71,32,2923.2,31.11,400.0,124.95
E1 저층부 확대(경계 확장),41,3.0,165.0,194291.2,546966.7,309.0,30.45,10.15,2800.0,1.6,194291.2,546938.7,71,34,2909.8,30.97,400.0,124.95
E1 저층부 확대(경계 확장),41,2.0,157.5,194333.2,546994.7,244.5,22.11,11.06,3000.0,1.6,194319.2,546966.7,71,32,3113.6,33.14,400.0,124.95
E1 저층부 확대(경계 확장),41,2.0,165.0,194305.2,546952.7,244.5,22.11,11.06,3000.0,1.6,194305.2,546952.7,71,52,3113.6,33.14,400.0,124.95
E1 저층부 확대(경계 확장),41,2.5,157.5,194347.2,546980.7,244.5,24.72,9.89,3000.0,2.2,194291.2,546952.7,71,8,3119.2,33.2,400.0,124.95
E1 저층부 확대(경계 확장),41,2.5,172.5,194305.2,546952.7,244.5,24.72,9.89,3000.0,1.6,194291.2,546952.7,71,30,3113.6,33.14,400.0,124.95
E1 저층부 확대(경계 확장),39,2.0,165.0,194305.2,546966.7,468.3,30.6,15.3,2400.0,1.6,194305.2,546952.7,71,54,2501.7,26.63,400.0,119.05
E1 저층부 확대(경계 확장),39,3.0,150.0,194333.2,546980.7,261.4,28.0,9.33,3000.0,2.2,194305.2,546966.7,71,34,3119.2,33.2,400.0,119.05
E2 층수 하향(범위 밖 참고),39,3.0,150.0,194331.2,546976.7,330.3,31.48,10.49,2800.0,1.6,194299.2,546960.7,71,37,2909.8,30.97,400.0,119.05
E2 층수 하향(범위 밖 참고),20,3.0,150.0,194299.2,546960.7,958.0,53.61,17.87,2800.0,1.6,194299.2,546944.7,71,40,2909.8,30.97,400.0,63.0
E1 저층부 확대(경계 확장),45,2.5,150.0,194333.2,546966.7,216.6,23.27,9.31,3000.0,2.2,194291.2,546966.7,72,21,3119.2,33.2,400.0,136.75
E1 저층부 확대(경계 확장),43,3.0,165.0,194333.2,546966.7,411.5,35.14,11.71,2400.0,1.6,194319.2,546980.7,72,28,2501.7,26.63,400.0,130.85
E1 저층부 확대(경계 확장),43,3.5,165.0,194319.2,546980.7,229.7,28.35,8.1,3000.0,2.2,194305.2,546966.7,72,38,3119.2,33.2,400.0,130.85
E1 저층부 확대(경계 확장),41,3.0,165.0,194333.2,546994.7,244.5,27.08,9.03,3000.0,1.6,194319.2,546966.7,72,32,3113.6,33.14,400.0,124.95
E1 저층부 확대(경계 확장),41,2.5,165.0,194305.2,546952.7,180.0,21.21,8.49,3200.0,1.6,194291.2,546952.7,72,27,3317.3,35.31,400.0,124.95
E1 저층부 확대(경계 확장),39,2.5,157.5,194319.2,546980.7,261.4,25.56,10.23,3000.0,1.6,194319.2,546966.7,72,33,3113.6,33.14,400.0,119.05
E2 층수 하향(범위 밖 참고),39,2.0,150.0,194315.2,546960.7,606.2,34.82,17.41,2000.0,3.0,194315.2,546944.7,72,52,2104.3,22.4,400.0,119.05
E2 층수 하향(범위 밖 참고),35,2.0,150.0,194331.2,546976.7,383.2,27.68,13.84,2800.0,4.0,194299.2,546960.7,72,24,2933.3,31.22,400.0,107.25
E2 층수 하향(범위 밖 참고),25,3.0,150.0,194331.2,546992.7,638.7,43.77,14.59,2800.0,3.0,194315.2,546960.7,72,35,2923.2,31.11,400.0,77.75
E1 저층부 확대(경계 확장),41,3.0,165.0,194277.2,546938.7,438.1,36.25,12.08,2400.0,1.6,194291.2,546938.7,73,31,2501.7,26.63,400.0,124.95
E1 저층부 확대(경계 확장),41,2.5,157.5,194333.2,546966.7,309.0,27.8,11.12,2800.0,3.0,194291.2,546966.7,73,12,2923.2,31.11,400.0,124.95
E1 저층부 확대(경계 확장),41,2.0,157.5,194333.2,546966.7,180.0,18.97,9.49,3200.0,3.0,194291.2,546966.7,73,11,3331.6,35.46,400.0,124.95
E1 저층부 확대(경계 확장),41,3.0,150.0,194347.2,546980.7,180.0,23.24,7.75,3200.0,2.2,194305.2,546966.7,73,25,3323.0,35.37,400.0,124.95
E1 저층부 확대(경계 확장),41,3.0,157.5,194347.2,546980.7,180.0,23.24,7.75,3200.0,1.6,194291.2,546952.7,73,9,3317.3,35.31,400.0,124.95
E1 저층부 확대(경계 확장),41,3.0,172.5,194319.2,546980.7,180.0,23.24,7.75,3200.0,3.0,194291.2,546966.7,73,22,3331.6,35.46,400.0,124.95
E1 저층부 확대(경계 확장),39,2.0,165.0,194319.2,546980.7,330.3,25.7,12.85,2800.0,2.2,194291.2,546952.7,73,27,2915.2,31.03,400.0,119.05
E1 저층부 확대(경계 확장),39,2.0,150.0,194319.2,546980.7,261.4,22.86,11.43,3000.0,2.2,194291.2,546952.7,73,25,3119.2,33.2,400.0,119.05
E2 층수 하향(범위 밖 참고),35,2.0,165.0,194267.2,546944.7,383.2,27.68,13.84,2800.0,4.0,194315.2,546944.7,73,27,2933.3,31.22,400.0,107.25
E2 층수 하향(범위 밖 참고),30,2.5,165.0,194315.2,546976.7,879.0,46.88,18.75,2000.0,1.6,194315.2,546976.7,73,38,2092.9,22.28,400.0,92.5
E2 층수 하향(범위 밖 참고),25,2.5,150.0,194331.2,546992.7,638.7,39.96,15.98,2800.0,4.0,194299.2,546960.7,73,24,2933.3,31.22,400.0,77.75
E2 층수 하향(범위 밖 참고),20,2.5,150.0,194299.2,546960.7,358.0,29.92,11.97,3400.0,1.6,194299.2,546960.7,73,39,3520.9,37.48,400.0,63.0
E1 저층부 확대(경계 확장),45,2.0,165.0,194333.2,546980.7,216.6,20.81,10.41,3000.0,3.0,194305.2,546966.7,74,29,3127.5,33.29,400.0,136.75
E1 저층부 확대(경계 확장),45,3.0,157.5,194333.2,546994.7,216.6,25.49,8.5,3000.0,2.2,194291.2,546952.7,74,16,3119.2,33.2,400.0,136.75
E1 저층부 확대(경계 확장),43,2.5,157.5,194305.2,546952.7,411.5,32.07,12.83,2400.0,1.6,194305.2,546952.7,74,52,2501.7,26.63,400.0,130.85
E1 저층부 확대(경계 확장),43,3.5,172.5,194333.2,546980.7,229.7,28.35,8.1,3000.0,2.2,194291.2,546952.7,74,19,3119.2,33.2,400.0,130.85
E1 저층부 확대(경계 확장),41,2.0,150.0,194305.2,546952.7,438.1,29.6,14.8,2400.0,1.6,194291.2,546938.7,74,38,2501.7,26.63,400.0,124.95
E1 저층부 확대(경계 확장),41,2.0,157.5,194305.2,546966.7,438.1,29.6,14.8,2400.0,3.0,194305.2,546938.7,74,52,2514.1,26.76,400.0,124.95
E1 저층부 확대(경계 확장),41,3.0,165.0,194333.2,546980.7,438.1,36.25,12.08,2400.0,2.2,194291.2,546952.7,74,18,2506.7,26.68,400.0,124.95
E1 저층부 확대(경계 확장),41,3.0,165.0,194305.2,546952.7,244.5,27.08,9.03,3000.0,2.2,194291.2,546952.7,74,30,3119.2,33.2,400.0,124.95
E1 저층부 확대(경계 확장),39,3.5,157.5,194305.2,546966.7,261.4,30.25,8.64,3000.0,2.2,194305.2,546966.7,74,39,3119.2,33.2,400.0,119.05
E2 층수 하향(범위 밖 참고),35,2.5,165.0,194299.2,546960.7,703.2,41.93,16.77,2000.0,2.2,194299.2,546944.7,74,45,2097.5,22.33,400.0,107.25
E2 층수 하향(범위 밖 참고),30,2.0,165.0,194331.2,546992.7,479.0,30.95,15.48,2800.0,4.0,194299.2,546960.7,74,25,2933.3,31.22,400.0,92.5
E2 층수 하향(범위 밖 참고),30,2.5,150.0,194299.2,546976.7,479.0,34.6,13.84,2800.0,2.2,194299.2,546944.7,74,37,2915.2,31.03,400.0,92.5
E2 층수 하향(범위 밖 참고),25,2.0,150.0,194315.2,546960.7,638.7,35.74,17.87,2800.0,3.0,194299.2,546960.7,74,28,2923.2,31.11,400.0,77.75
E1 저층부 확대(경계 확장),43,2.5,157.5,194333.2,546966.7,411.5,32.07,12.83,2400.0,1.6,194319.2,546980.7,75,28,2501.7,26.63,400.0,130.85
E1 저층부 확대(경계 확장),43,2.5,150.0,194333.2,546980.7,290.3,26.94,10.78,2800.0,2.2,194319.2,546966.7,75,34,2915.2,31.03,400.0,130.85
E1 저층부 확대(경계 확장),41,2.0,172.5,194319.2,546966.7,438.1,29.6,14.8,2400.0,2.2,194291.2,546966.7,75,35,2506.7,26.68,400.0,124.95
E1 저층부 확대(경계 확장),41,2.5,172.5,194319.2,546994.7,180.0,21.21,8.49,3200.0,1.6,194305.2,546966.7,75,39,3317.3,35.31,400.0,124.95
E1 저층부 확대(경계 확장),39,3.0,157.5,194333.2,546980.7,468.3,37.48,12.49,2400.0,4.0,194305.2,546966.7,75,33,2523.5,26.86,400.0,119.05
E1 저층부 확대(경계 확장),39,3.0,165.0,194333.2,546980.7,261.4,28.0,9.33,3000.0,1.6,194305.2,546966.7,75,34,3113.6,33.14,400.0,119.05
E1 저층부 확대(경계 확장),39,3.0,172.5,194305.2,546938.7,192.4,24.03,8.01,3200.0,2.2,194305.2,546952.7,75,46,3323.0,35.37,400.0,119.05
E1 저층부 확대(경계 확장),39,3.5,157.5,194319.2,546994.7,192.4,25.95,7.41,3200.0,1.6,194291.2,546952.7,75,23,3317.3,35.31,400.0,119.05
E1 저층부 확대(경계 확장),45,2.0,172.5,194305.2,546966.7,388.0,27.86,13.93,2400.0,2.2,194291.2,546952.7,76,34,2506.7,26.68,400.0,136.75
E1 저층부 확대(경계 확장),43,2.0,150.0,194263.2,546938.7,411.5,28.69,14.34,2400.0,3.0,194319.2,546952.7,76,22,2514.1,26.76,400.0,130.85
E1 저층부 확대(경계 확장),43,2.0,150.0,194305.2,546966.7,290.3,24.1,12.05,2800.0,2.2,194291.2,546952.7,76,30,2915.2,31.03,400.0,130.85
E1 저층부 확대(경계 확장),43,2.5,157.5,194305.2,546966.7,290.3,26.94,10.78,2800.0,3.0,194305.2,546952.7,76,44,2923.2,31.11,400.0,130.85
E1 저층부 확대(경계 확장),41,2.0,165.0,194263.2,546938.7,309.0,24.86,12.43,2800.0,3.0,194319.2,546952.7,76,22,2923.2,31.11,400.0,124.95
E1 저층부 확대(경계 확장),41,2.5,157.5,194319.2,546994.7,180.0,21.21,8.49,3200.0,1.6,194319.2,546966.7,76,32,3317.3,35.31,400.0,124.95
E1 저층부 확대(경계 확장),39,2.0,172.5,194319.2,546966.7,330.3,25.7,12.85,2800.0,2.2,194291.2,546966.7,76,30,2915.2,31.03,400.0,119.05
E2 층수 하향(범위 밖 참고),39,3.0,150.0,194315.2,546976.7,606.2,42.65,14.22,2000.0,3.0,194299.2,546960.7,76,47,2104.3,22.4,400.0,119.05
E2 층수 하향(범위 밖 참고),39,2.0,150.0,194299.2,546960.7,330.3,25.7,12.85,2800.0,2.2,194299.2,546944.7,76,37,2915.2,31.03,400.0,119.05
E2 층수 하향(범위 밖 참고),35,2.5,150.0,194315.2,546976.7,703.2,41.93,16.77,2000.0,1.6,194299.2,546960.7,76,46,2092.9,22.28,400.0,107.25
E2 층수 하향(범위 밖 참고),35,3.0,150.0,194315.2,546976.7,383.2,33.91,11.3,2800.0,2.2,194283.2,546960.7,76,24,2915.2,31.03,400.0,107.25
E2 층수 하향(범위 밖 참고),25,3.0,150.0,194315.2,546976.7,638.7,43.77,14.59,2800.0,1.6,194315.2,546976.7,76,28,2909.8,30.97,400.0,77.75
E1 저층부 확대(경계 확장),45,3.5,150.0,194333.2,546980.7,388.0,36.85,10.53,2400.0,1.6,194305.2,546966.7,77,37,2501.7,26.63,400.0,136.75
E1 저층부 확대(경계 확장),45,3.0,150.0,194333.2,546994.7,216.6,25.49,8.5,3000.0,2.2,194305.2,546966.7,77,32,3119.2,33.2,400.0,136.75
E1 저층부 확대(경계 확장),43,3.5,165.0,194305.2,546952.7,411.5,37.95,10.84,2400.0,3.0,194305.2,546952.7,77,52,2514.1,26.76,400.0,130.85
E1 저층부 확대(경계 확장),39,2.0,150.0,194333.2,546980.7,330.3,25.7,12.85,2800.0,2.2,194305.2,546966.7,77,35,2915.2,31.03,400.0,119.05
E1 저층부 확대(경계 확장),39,3.0,172.5,194305.2,546980.7,330.3,31.48,10.49,2800.0,2.2,194305.2,546980.7,77,34,2915.2,31.03,400.0,119.05
E2 층수 하향(범위 밖 참고),35,2.5,165.0,194331.2,546992.7,383.2,30.95,12.38,2800.0,2.2,194299.2,546960.7,77,30,2915.2,31.03,400.0,107.25
E1 저층부 확대(경계 확장),45,3.5,172.5,194333.2,546980.7,388.0,36.85,10.53,2400.0,2.2,194291.2,546952.7,78,19,2506.7,26.68,400.0,136.75
E1 저층부 확대(경계 확장),45,2.5,165.0,194333.2,546994.7,216.6,23.27,9.31,3000.0,3.0,194305.2,546966.7,78,29,3127.5,33.29,400.0,136.75
E1 저층부 확대(경계 확장),41,2.0,165.0,194333.2,546980.7,309.0,24.86,12.43,2800.0,3.0,194305.2,546966.7,78,29,2923.2,31.11,400.0,124.95
E1 저층부 확대(경계 확장),39,2.0,150.0,194277.2,546924.7,468.3,30.6,15.3,2400.0,1.6,194291.2,546938.7,78,26,2501.7,26.63,400.0,119.05
E1 저층부 확대(경계 확장),39,2.0,157.5,194305.2,546966.7,330.3,25.7,12.85,2800.0,3.0,194305.2,546952.7,78,42,2923.2,31.11,400.0,119.05
E2 층수 하향(범위 밖 참고),35,3.0,165.0,194315.2,546976.7,703.2,45.93,15.31,2000.0,1.6,194299.2,546976.7,78,45,2092.9,22.28,400.0,107.25
E2 층수 하향(범위 밖 참고),25,2.0,165.0,194331.2,546976.7,638.7,35.74,17.87,2800.0,1.6,194283.2,546960.7,78,11,2909.8,30.97,400.0,77.75
E1 저층부 확대(경계 확장),45,2.5,172.5,194319.2,546980.7,388.0,31.14,12.46,2400.0,1.6,194305.2,546966.7,79,45,2501.7,26.63,400.0,136.75
E1 저층부 확대(경계 확장),45,2.5,157.5,194319.2,546966.7,273.7,26.16,10.46,2800.0,2.2,194291.2,546966.7,79,29,2915.2,31.03,400.0,136.75
E1 저층부 확대(경계 확장),45,2.5,172.5,194305.2,546966.7,273.7,26.16,10.46,2800.0,1.6,194305.2,546966.7,79,46,2909.8,30.97,400.0,136.75
E1 저층부 확대(경계 확장),43,2.0,150.0,194319.2,546994.7,411.5,28.69,14.34,2400.0,1.6,194305.2,546952.7,79,48,2501.7,26.63,400.0,130.85
E1 저층부 확대(경계 확장),41,2.0,165.0,194319.2,546994.7,244.5,22.11,11.06,3000.0,1.6,194291.2,546952.7,79,24,3113.6,33.14,400.0,124.95
E1 저층부 확대(경계 확장),39,2.0,165.0,194305.2,546938.7,261.4,22.86,11.43,3000.0,1.6,194291.2,546952.7,79,28,3113.6,33.14,400.0,119.05
E2 층수 하향(범위 밖 참고),39,2.0,150.0,194331.2,546992.7,606.2,34.82,17.41,2000.0,2.2,194299.2,546944.7,79,45,2097.5,22.33,400.0,119.05
E2 층수 하향(범위 밖 참고),25,3.0,150.0,194299.2,546960.7,1172.0,59.3,19.77,2000.0,1.6,194283.2,546944.7,79,26,2092.9,22.28,400.0,77.75
E2 층수 하향(범위 밖 참고),25,2.0,150.0,194347.2,546976.7,638.7,35.74,17.87,2800.0,1.6,194299.2,546960.7,79,23,2909.8,30.97,400.0,77.75
E1 저층부 확대(경계 확장),45,2.0,150.0,194319.2,546966.7,216.6,20.81,10.41,3000.0,2.2,194291.2,546966.7,80,29,3119.2,33.2,400.0,136.75
E1 저층부 확대(경계 확장),45,3.5,165.0,194333.2,546994.7,216.6,27.53,7.87,3000.0,1.6,194305.2,546966.7,80,32,3113.6,33.14,400.0,136.75
E1 저층부 확대(경계 확장),43,2.5,157.5,194305.2,546938.7,290.3,26.94,10.78,2800.0,1.6,194305.2,546952.7,80,52,2909.8,30.97,400.0,130.85
E1 저층부 확대(경계 확장),41,3.0,150.0,194333.2,546966.7,438.1,36.25,12.08,2400.0,2.2,194291.2,546966.7,80,26,2506.7,26.68,400.0,124.95
E1 저층부 확대(경계 확장),41,3.0,165.0,194319.2,546994.7,309.0,30.45,10.15,2800.0,2.2,194319.2,546966.7,80,34,2915.2,31.03,400.0,124.95
E1 저층부 확대(경계 확장),41,3.5,172.5,194263.2,546938.7,180.0,25.1,7.17,3200.0,1.6,194305.2,546952.7,80,23,3317.3,35.31,400.0,124.95
E1 저층부 확대(경계 확장),39,2.0,172.5,194305.2,546952.7,468.3,30.6,15.3,2400.0,2.2,194319.2,546952.7,80,49,2506.7,26.68,400.0,119.05
E1 저층부 확대(경계 확장),39,2.0,157.5,194305.2,546938.7,330.3,25.7,12.85,2800.0,1.6,194305.2,546952.7,80,48,2909.8,30.97,400.0,119.05
E1 저층부 확대(경계 확장),39,3.5,172.5,194333.2,546980.7,261.4,30.25,8.64,3000.0,1.6,194305.2,546966.7,80,34,3113.6,33.14,400.0,119.05
E2 층수 하향(범위 밖 참고),39,2.0,150.0,194331.2,546976.7,606.2,34.82,17.41,2000.0,3.0,194299.2,546960.7,80,41,2104.3,22.4,400.0,119.05
E2 층수 하향(범위 밖 참고),35,2.5,165.0,194331.2,546976.7,703.2,41.93,16.77,2000.0,2.2,194299.2,546960.7,80,36,2097.5,22.33,400.0,107.25
E1 저층부 확대(경계 확장),45,2.0,157.5,194333.2,546994.7,216.6,20.81,10.41,3000.0,1.6,194305.2,546966.7,81,32,3113.6,33.14,400.0,136.75
E1 저층부 확대(경계 확장),41,2.5,150.0,194347.2,546980.7,244.5,24.72,9.89,3000.0,2.2,194305.2,546966.7,81,25,3119.2,33.2,400.0,124.95
E1 저층부 확대(경계 확장),41,3.5,150.0,194319.2,546994.7,180.0,25.1,7.17,3200.0,1.6,194319.2,546966.7,81,31,3317.3,35.31,400.0,124.95
E1 저층부 확대(경계 확장),39,2.5,157.5,194263.2,546938.7,468.3,34.22,13.69,2400.0,1.6,194305.2,546952.7,81,23,2501.7,26.63,400.0,119.05
E1 저층부 확대(경계 확장),39,3.0,172.5,194333.2,546966.7,468.3,37.48,12.49,2400.0,2.2,194305.2,546980.7,81,26,2506.7,26.68,400.0,119.05
E1 저층부 확대(경계 확장),39,2.5,172.5,194305.2,546966.7,330.3,28.74,11.5,2800.0,2.2,194319.2,546966.7,81,37,2915.2,31.03,400.0,119.05
E1 저층부 확대(경계 확장),39,3.0,172.5,194333.2,546980.7,261.4,28.0,9.33,3000.0,3.0,194305.2,546966.7,81,28,3127.5,33.29,400.0,119.05
E2 층수 하향(범위 밖 참고),39,2.5,150.0,194315.2,546976.7,606.2,38.93,15.57,2000.0,1.6,194315.2,546976.7,81,37,2092.9,22.28,400.0,119.05
E2 층수 하향(범위 밖 참고),39,2.0,165.0,194299.2,546976.7,330.3,25.7,12.85,2800.0,3.0,194299.2,546960.7,81,32,2923.2,31.11,400.0,119.05
E2 층수 하향(범위 밖 참고),35,2.5,150.0,194299.2,546944.7,703.2,41.93,16.77,2000.0,1.6,194299.2,546944.7,81,44,2092.9,22.28,400.0,107.25
E2 층수 하향(범위 밖 참고),30,3.0,150.0,194315.2,546976.7,879.0,51.35,17.12,2000.0,4.0,194299.2,546960.7,81,37,2112.8,22.49,400.0,92.5
E1 저층부 확대(경계 확장),45,2.0,172.5,194333.2,546980.7,388.0,27.86,13.93,2400.0,2.2,194305.2,546966.7,82,35,2506.7,26.68,400.0,136.75
E1 저층부 확대(경계 확장),45,2.0,165.0,194319.2,546994.7,273.7,23.4,11.7,2800.0,2.2,194305.2,546966.7,82,37,2915.2,31.03,400.0,136.75
E1 저층부 확대(경계 확장),43,2.5,157.5,194333.2,546994.7,290.3,26.94,10.78,2800.0,1.6,194305.2,546966.7,82,34,2909.8,30.97,400.0,130.85
E1 저층부 확대(경계 확장),41,2.5,165.0,194263.2,546938.7,309.0,27.8,11.12,2800.0,2.2,194305.2,546952.7,82,22,2915.2,31.03,400.0,124.95
E1 저층부 확대(경계 확장),39,2.0,172.5,194333.2,546966.7,468.3,30.6,15.3,2400.0,2.2,194305.2,546980.7,82,26,2506.7,26.68,400.0,119.05
E1 저층부 확대(경계 확장),39,2.5,150.0,194263.2,546938.7,468.3,34.22,13.69,2400.0,3.0,194305.2,546952.7,82,21,2514.1,26.76,400.0,119.05
E2 층수 하향(범위 밖 참고),39,2.0,165.0,194331.2,546976.7,606.2,34.82,17.41,2000.0,2.2,194315.2,546976.7,82,32,2097.5,22.33,400.0,119.05
E2 층수 하향(범위 밖 참고),39,2.5,165.0,194331.2,546976.7,606.2,38.93,15.57,2000.0,2.2,194315.2,546976.7,82,32,2097.5,22.33,400.0,119.05
E2 층수 하향(범위 밖 참고),39,2.0,165.0,194347.2,546976.7,330.3,25.7,12.85,2800.0,1.6,194299.2,546960.7,82,23,2909.8,30.97,400.0,119.05
E2 층수 하향(범위 밖 참고),35,2.0,150.0,194299.2,546944.7,703.2,37.5,18.75,2000.0,1.6,194299.2,546944.7,82,44,2092.9,22.28,400.0,107.25
E2 층수 하향(범위 밖 참고),35,3.0,165.0,194267.2,546944.7,383.2,33.91,11.3,2800.0,2.2,194299.2,546944.7,82,26,2915.2,31.03,400.0,107.25
E2 층수 하향(범위 밖 참고),30,2.0,150.0,194315.2,546976.7,479.0,30.95,15.48,2800.0,1.6,194283.2,546960.7,82,25,2909.8,30.97,400.0,92.5
E2 층수 하향(범위 밖 참고),30,3.0,150.0,194315.2,546960.7,479.0,37.91,12.64,2800.0,2.2,194299.2,546976.7,82,35,2915.2,31.03,400.0,92.5
E1 저층부 확대(경계 확장),45,3.5,172.5,194305.2,546966.7,388.0,36.85,10.53,2400.0,1.6,194305.2,546966.7,83,48,2501.7,26.63,400.0,136.75
E1 저층부 확대(경계 확장),43,2.0,165.0,194319.2,546952.7,411.5,28.69,14.34,2400.0,3.0,194305.2,546980.7,83,28,2514.1,26.76,400.0,130.85
E1 저층부 확대(경계 확장),41,2.0,150.0,194333.2,546994.7,438.1,29.6,14.8,2400.0,2.2,194291.2,546952.7,83,20,2506.7,26.68,400.0,124.95
E1 저층부 확대(경계 확장),41,2.5,165.0,194333.2,546994.7,309.0,27.8,11.12,2800.0,2.2,194305.2,546966.7,83,33,2915.2,31.03,400.0,124.95
E1 저층부 확대(경계 확장),39,2.0,150.0,194263.2,546938.7,330.3,25.7,12.85,2800.0,2.2,194305.2,546952.7,83,21,2915.2,31.03,400.0,119.05
E1 저층부 확대(경계 확장),39,3.0,165.0,194333.2,546966.7,192.4,24.03,8.01,3200.0,2.2,194305.2,546980.7,83,28,3323.0,35.37,400.0,119.05
E2 층수 하향(범위 밖 참고),35,2.5,165.0,194299.2,546960.7,383.2,30.95,12.38,2800.0,2.2,194315.2,546960.7,83,32,2915.2,31.03,400.0,107.25
E1 저층부 확대(경계 확장),45,3.0,157.5,194333.2,546980.7,388.0,34.12,11.37,2400.0,1.6,194277.2,546952.7,84,11,2501.7,26.63,400.0,136.75
E1 저층부 확대(경계 확장),43,2.5,150.0,194263.2,546938.7,290.3,26.94,10.78,2800.0,2.2,194305.2,546952.7,84,21,2915.2,31.03,400.0,130.85
E1 저층부 확대(경계 확장),43,3.5,150.0,194347.2,546980.7,290.3,31.88,9.11,2800.0,1.6,194305.2,546966.7,84,26,2909.8,30.97,400.0,130.85
E1 저층부 확대(경계 확장),43,3.5,165.0,194263.2,546952.7,229.7,28.35,8.1,3000.0,3.0,194305.2,546952.7,84,21,3127.5,33.29,400.0,130.85
E1 저층부 확대(경계 확장),41,2.5,172.5,194319.2,546994.7,244.5,24.72,9.89,3000.0,3.0,194291.2,546966.7,84,20,3127.5,33.29,400.0,124.95
E1 저층부 확대(경계 확장),41,2.0,172.5,194263.2,546938.7,180.0,18.97,9.49,3200.0,1.6,194291.2,546952.7,84,23,3317.3,35.31,400.0,124.95
E1 저층부 확대(경계 확장),39,3.0,165.0,194319.2,546980.7,468.3,37.48,12.49,2400.0,1.6,194319.2,546980.7,84,29,2501.7,26.63,400.0,119.05
E1 저층부 확대(경계 확장),39,3.5,150.0,194347.2,546980.7,468.3,40.48,11.57,2400.0,4.0,194305.2,546966.7,84,29,2523.5,26.86,400.0,119.05
E1 저층부 확대(경계 확장),39,3.0,150.0,194263.2,546938.7,330.3,31.48,10.49,2800.0,1.6,194305.2,546952.7,84,21,2909.8,30.97,400.0,119.05
E2 층수 하향(범위 밖 참고),39,2.5,150.0,194299.2,546976.7,330.3,28.74,11.5,2800.0,2.2,194299.2,546960.7,84,39,2915.2,31.03,400.0,119.05
E2 층수 하향(범위 밖 참고),35,3.0,165.0,194299.2,546960.7,1073.7,56.76,18.92,0.0,0.0,0.0,0.0,84,46,1150.4,12.24,400.0,107.25
E2 층수 하향(범위 밖 참고),30,2.0,150.0,194315.2,546960.7,479.0,30.95,15.48,2800.0,2.2,194299.2,546976.7,84,35,2915.2,31.03,400.0,92.5
E2 층수 하향(범위 밖 참고),30,2.5,165.0,194299.2,546960.7,479.0,34.6,13.84,2800.0,1.6,194315.2,546960.7,84,37,2909.8,30.97,400.0,92.5
E1 저층부 확대(경계 확장),45,2.0,172.5,194333.2,546966.7,273.7,23.4,11.7,2800.0,2.2,194305.2,546980.7,85,28,2915.2,31.03,400.0,136.75
E1 저층부 확대(경계 확장),43,3.0,150.0,194319.2,546952.7,290.3,29.51,9.84,2800.0,2.2,194305.2,546980.7,85,28,2915.2,31.03,400.0,130.85
E1 저층부 확대(경계 확장),41,2.0,150.0,194319.2,546994.7,309.0,24.86,12.43,2800.0,1.6,194291.2,546952.7,85,26,2909.8,30.97,400.0,124.95
E1 저층부 확대(경계 확장),41,3.5,165.0,194291.2,546966.7,180.0,25.1,7.17,3200.0,2.2,194305.2,546952.7,85,37,3323.0,35.37,400.0,124.95
E1 저층부 확대(경계 확장),39,2.0,150.0,194319.2,546966.7,468.3,30.6,15.3,2400.0,1.6,194319.2,546980.7,85,29,2501.7,26.63,400.0,119.05
E1 저층부 확대(경계 확장),39,3.0,150.0,194333.2,546980.7,468.3,37.48,12.49,2400.0,2.2,194305.2,546980.7,85,27,2506.7,26.68,400.0,119.05
E1 저층부 확대(경계 확장),39,3.5,172.5,194291.2,546966.7,192.4,25.95,7.41,3200.0,1.6,194305.2,546952.7,85,43,3317.3,35.31,400.0,119.05
E2 층수 하향(범위 밖 참고),39,3.0,150.0,194299.2,546960.7,330.3,31.48,10.49,2800.0,1.6,194315.2,546960.7,85,36,2909.8,30.97,400.0,119.05
E2 층수 하향(범위 밖 참고),35,2.0,150.0,194315.2,546976.7,703.2,37.5,18.75,2000.0,3.0,194283.2,546960.7,85,19,2104.3,22.4,400.0,107.25
E2 층수 하향(범위 밖 참고),20,2.5,150.0,194283.2,546928.7,358.0,29.92,11.97,3400.0,2.2,194299.2,546944.7,85,29,3526.8,37.54,400.0,63.0
E1 저층부 확대(경계 확장),45,2.0,150.0,194333.2,546994.7,388.0,27.86,13.93,2400.0,1.6,194305.2,546966.7,86,34,2501.7,26.63,400.0,136.75
E1 저층부 확대(경계 확장),45,3.0,172.5,194305.2,546952.7,216.6,25.49,8.5,3000.0,3.0,194305.2,546966.7,86,32,3127.5,33.29,400.0,136.75
E1 저층부 확대(경계 확장),43,3.0,150.0,194263.2,546952.7,229.7,26.25,8.75,3000.0,1.6,194291.2,546952.7,86,26,3113.6,33.14,400.0,130.85
E1 저층부 확대(경계 확장),41,2.0,150.0,194333.2,546966.7,438.1,29.6,14.8,2400.0,1.6,194291.2,546966.7,86,31,2501.7,26.63,400.0,124.95
E1 저층부 확대(경계 확장),41,2.5,157.5,194305.2,546952.7,180.0,21.21,8.49,3200.0,2.2,194305.2,546966.7,86,35,3323.0,35.37,400.0,124.95
E1 저층부 확대(경계 확장),39,2.0,172.5,194305.2,546938.7,330.3,25.7,12.85,2800.0,4.0,194305.2,546952.7,86,37,2933.3,31.22,400.0,119.05
E2 층수 하향(범위 밖 참고),39,3.0,165.0,194331.2,546976.7,606.2,42.65,14.22,2000.0,4.0,194299.2,546976.7,86,24,2112.8,22.49,400.0,119.05
E2 층수 하향(범위 밖 참고),35,2.0,165.0,194315.2,546976.7,703.2,37.5,18.75,2000.0,4.0,194299.2,546976.7,86,30,2112.8,22.49,400.0,107.25
E2 층수 하향(범위 밖 참고),35,2.5,150.0,194347.2,546976.7,383.2,30.95,12.38,2800.0,1.6,194299.2,546960.7,86,23,2909.8,30.97,400.0,107.25
E2 층수 하향(범위 밖 참고),25,3.0,150.0,194267.2,546944.7,638.7,43.77,14.59,2800.0,2.2,194299.2,546944.7,86,23,2915.2,31.03,400.0,77.75
E1 저층부 확대(경계 확장),45,3.0,150.0,194319.2,546952.7,216.6,25.49,8.5,3000.0,2.2,194305.2,546980.7,87,29,3119.2,33.2,400.0,136.75
E1 저층부 확대(경계 확장),43,3.0,165.0,194305.2,546938.7,229.7,26.25,8.75,3000.0,2.2,194305.2,546966.7,87,39,3119.2,33.2,400.0,130.85
E1 저층부 확대(경계 확장),41,3.5,150.0,194319.2,546980.7,309.0,32.89,9.4,2800.0,3.0,194291.2,546966.7,87,19,2923.2,31.11,400.0,124.95
E1 저층부 확대(경계 확장),41,2.5,165.0,194347.2,546980.7,180.0,21.21,8.49,3200.0,2.2,194305.2,546980.7,87,25,3323.0,35.37,400.0,124.95
E1 저층부 확대(경계 확장),39,2.0,165.0,194333.2,546980.7,468.3,30.6,15.3,2400.0,1.6,194319.2,546980.7,87,29,2501.7,26.63,400.0,119.05
E1 저층부 확대(경계 확장),39,3.0,150.0,194319.2,546994.7,330.3,31.48,10.49,2800.0,1.6,194305.2,546966.7,87,41,2909.8,30.97,400.0,119.05
E1 저층부 확대(경계 확장),39,2.5,150.0,194319.2,546980.7,261.4,25.56,10.23,3000.0,2.2,194291.2,546966.7,87,28,3119.2,33.2,400.0,119.05
E2 층수 하향(범위 밖 참고),35,2.0,150.0,194299.2,546976.7,383.2,27.68,13.84,2800.0,2.2,194299.2,546960.7,87,39,2915.2,31.03,400.0,107.25
E2 층수 하향(범위 밖 참고),30,2.0,150.0,194331.2,546976.7,879.0,41.93,20.96,2000.0,1.6,194315.2,546976.7,87,31,2092.9,22.28,400.0,92.5
E2 층수 하향(범위 밖 참고),30,2.5,150.0,194331.2,546976.7,479.0,34.6,13.84,2800.0,3.0,194299.2,546976.7,87,20,2923.2,31.11,400.0,92.5
E2 층수 하향(범위 밖 참고),20,3.0,165.0,194299.2,546960.7,958.0,53.61,17.87,2800.0,4.0,194299.2,546960.7,87,20,2933.3,31.22,400.0,63.0
E1 저층부 확대(경계 확장),45,2.0,165.0,194333.2,546980.7,388.0,27.86,13.93,2400.0,1.6,194277.2,546952.7,88,11,2501.7,26.63,400.0,136.75
E1 저층부 확대(경계 확장),45,3.5,157.5,194291.2,546966.7,273.7,30.95,8.84,2800.0,1.6,194305.2,546952.7,88,44,2909.8,30.97,400.0,136.75
E1 저층부 확대(경계 확장),45,2.5,165.0,194291.2,546966.7,216.6,23.27,9.31,3000.0,1.6,194305.2,546952.7,88,43,3113.6,33.14,400.0,136.75
E1 저층부 확대(경계 확장),43,3.5,172.5,194319.2,546966.7,290.3,31.88,9.11,2800.0,2.2,194305.2,546980.7,88,30,2915.2,31.03,400.0,130.85
E1 저층부 확대(경계 확장),43,3.0,157.5,194305.2,546938.7,229.7,26.25,8.75,3000.0,3.0,194319.2,546952.7,88,42,3127.5,33.29,400.0,130.85
E1 저층부 확대(경계 확장),41,3.0,157.5,194305.2,546952.7,244.5,27.08,9.03,3000.0,2.2,194305.2,546966.7,88,39,3119.2,33.2,400.0,124.95
E1 저층부 확대(경계 확장),39,2.0,165.0,194305.2,546938.7,192.4,19.62,9.81,3200.0,2.2,194305.2,546966.7,88,35,3323.0,35.37,400.0,119.05
E2 층수 하향(범위 밖 참고),35,2.0,150.0,194315.2,546960.7,703.2,37.5,18.75,2000.0,1.6,194299.2,546960.7,88,46,2092.9,22.28,400.0,107.25
E2 층수 하향(범위 밖 참고),35,2.5,150.0,194299.2,546976.7,383.2,30.95,12.38,2800.0,3.0,194299.2,546960.7,88,28,2923.2,31.11,400.0,107.25
E1 저층부 확대(경계 확장),45,2.5,157.5,194305.2,546952.7,388.0,31.14,12.46,2400.0,1.6,194305.2,546966.7,89,47,2501.7,26.63,400.0,136.75
E1 저층부 확대(경계 확장),41,3.5,157.5,194319.2,546980.7,438.1,39.16,11.19,2400.0,1.6,194319.2,546980.7,89,29,2501.7,26.63,400.0,124.95
E1 저층부 확대(경계 확장),41,3.0,150.0,194305.2,546952.7,244.5,27.08,9.03,3000.0,3.0,194319.2,546952.7,89,40,3127.5,33.29,400.0,124.95
E1 저층부 확대(경계 확장),39,2.5,150.0,194319.2,546952.7,330.3,28.74,11.5,2800.0,2.2,194305.2,546980.7,89,28,2915.2,31.03,400.0,119.05
E1 저층부 확대(경계 확장),39,3.0,172.5,194291.2,546952.7,330.3,31.48,10.49,2800.0,1.6,194291.2,546952.7,89,30,2909.8,30.97,400.0,119.05
E2 층수 하향(범위 밖 참고),39,2.0,150.0,194299.2,546960.7,963.6,43.9,21.95,0.0,0.0,0.0,0.0,89,46,1030.4,10.97,400.0,119.05
E2 층수 하향(범위 밖 참고),39,2.0,150.0,194283.2,546944.7,606.2,34.82,17.41,2000.0,1.6,194283.2,546944.7,89,30,2092.9,22.28,400.0,119.05
E1 저층부 확대(경계 확장),41,3.5,150.0,194305.2,546966.7,438.1,39.16,11.19,2400.0,4.0,194305.2,546952.7,90,36,2523.5,26.86,400.0,124.95
E1 저층부 확대(경계 확장),41,3.5,150.0,194305.2,546952.7,309.0,32.89,9.4,2800.0,1.6,194319.2,546966.7,90,35,2909.8,30.97,400.0,124.95
E1 저층부 확대(경계 확장),41,2.0,150.0,194305.2,546966.7,244.5,22.11,11.06,3000.0,2.2,194305.2,546966.7,90,39,3119.2,33.2,400.0,124.95
E1 저층부 확대(경계 확장),41,2.0,157.5,194277.2,546966.7,244.5,22.11,11.06,3000.0,2.2,194291.2,546952.7,90,25,3119.2,33.2,400.0,124.95
E1 저층부 확대(경계 확장),41,2.5,150.0,194319.2,546994.7,180.0,21.21,8.49,3200.0,3.0,194291.2,546966.7,90,17,3331.6,35.46,400.0,124.95
E1 저층부 확대(경계 확장),39,2.0,172.5,194305.2,546938.7,261.4,22.86,11.43,3000.0,3.0,194319.2,546952.7,90,43,3127.5,33.29,400.0,119.05
E1 저층부 확대(경계 확장),39,2.0,172.5,194319.2,546966.7,192.4,19.62,9.81,3200.0,2.2,194305.2,546980.7,90,31,3323.0,35.37,400.0,119.05
E2 층수 하향(범위 밖 참고),39,2.5,165.0,194299.2,546960.7,606.2,38.93,15.57,2000.0,2.2,194315.2,546960.7,90,38,2097.5,22.33,400.0,119.05
E2 층수 하향(범위 밖 참고),39,3.0,165.0,194299.2,546960.7,606.2,42.65,14.22,2000.0,4.0,194299.2,546960.7,90,36,2112.8,22.49,400.0,119.05
E2 층수 하향(범위 밖 참고),39,2.5,165.0,194347.2,546976.7,330.3,28.74,11.5,2800.0,3.0,194299.2,546976.7,90,16,2923.2,31.11,400.0,119.05
E2 층수 하향(범위 밖 참고),35,2.5,150.0,194299.2,546960.7,703.2,41.93,16.77,2000.0,3.0,194299.2,546944.7,90,41,2104.3,22.4,400.0,107.25
E2 층수 하향(범위 밖 참고),25,2.0,150.0,194331.2,546976.7,1172.0,48.41,24.21,2000.0,1.6,194299.2,546976.7,90,28,2092.9,22.28,400.0,77.75
E2 층수 하향(범위 밖 참고),20,3.0,150.0,194283.2,546928.7,358.0,32.77,10.92,3400.0,1.6,194315.2,546960.7,90,26,3520.9,37.48,400.0,63.0
E2 층수 하향(범위 밖 참고),20,3.0,150.0,194283.2,546960.7,358.0,32.77,10.92,3400.0,3.0,194299.2,546960.7,90,14,3535.7,37.63,400.0,63.0
E1 저층부 확대(경계 확장),45,2.5,172.5,194333.2,546994.7,273.7,26.16,10.46,2800.0,3.0,194291.2,546966.7,91,12,2923.2,31.11,400.0,136.75
E1 저층부 확대(경계 확장),43,2.0,157.5,194319.2,546980.7,411.5,28.69,14.34,2400.0,2.2,194305.2,546980.7,91,33,2506.7,26.68,400.0,130.85
E1 저층부 확대(경계 확장),41,3.0,150.0,194305.2,546952.7,309.0,30.45,10.15,2800.0,1.6,194305.2,546966.7,91,45,2909.8,30.97,400.0,124.95
E1 저층부 확대(경계 확장),45,2.0,157.5,194305.2,546966.7,388.0,27.86,13.93,2400.0,2.2,194305.2,546966.7,92,47,2506.7,26.68,400.0,136.75
E1 저층부 확대(경계 확장),45,3.0,157.5,194333.2,546994.7,273.7,28.66,9.55,2800.0,2.2,194305.2,546980.7,92,34,2915.2,31.03,400.0,136.75
E1 저층부 확대(경계 확장),45,3.0,172.5,194333.2,546994.7,216.6,25.49,8.5,3000.0,3.0,194291.2,546966.7,92,11,3127.5,33.29,400.0,136.75
E1 저층부 확대(경계 확장),43,2.5,172.5,194305.2,546938.7,229.7,23.96,9.59,3000.0,1.6,194319.2,546966.7,92,36,3113.6,33.14,400.0,130.85
E1 저층부 확대(경계 확장),41,2.5,157.5,194333.2,546994.7,438.1,33.09,13.24,2400.0,2.2,194291.2,546966.7,92,23,2506.7,26.68,400.0,124.95
E1 저층부 확대(경계 확장),41,3.0,157.5,194319.2,546994.7,244.5,27.08,9.03,3000.0,2.2,194291.2,546966.7,92,26,3119.2,33.2,400.0,124.95
E1 저층부 확대(경계 확장),41,3.5,157.5,194333.2,546994.7,180.0,25.1,7.17,3200.0,2.2,194305.2,546980.7,92,34,3323.0,35.37,400.0,124.95
E1 저층부 확대(경계 확장),39,3.0,172.5,194291.2,546952.7,261.4,28.0,9.33,3000.0,1.6,194291.2,546952.7,92,27,3113.6,33.14,400.0,119.05
E2 층수 하향(범위 밖 참고),35,3.0,150.0,194299.2,546960.7,383.2,33.91,11.3,2800.0,4.0,194299.2,546960.7,92,21,2933.3,31.22,400.0,107.25
E1 저층부 확대(경계 확장),45,2.5,157.5,194305.2,546938.7,273.7,26.16,10.46,2800.0,3.0,194305.2,546966.7,93,32,2923.2,31.11,400.0,136.75
E1 저층부 확대(경계 확장),43,3.0,150.0,194347.2,546980.7,411.5,35.14,11.71,2400.0,2.2,194305.2,546980.7,93,23,2506.7,26.68,400.0,130.85
E1 저층부 확대(경계 확장),43,2.0,157.5,194319.2,546994.7,229.7,21.43,10.72,3000.0,2.2,194291.2,546966.7,93,26,3119.2,33.2,400.0,130.85
E1 저층부 확대(경계 확장),41,3.0,172.5,194305.2,546952.7,438.1,36.25,12.08,2400.0,2.2,194291.2,546966.7,93,36,2506.7,26.68,400.0,124.95
E1 저층부 확대(경계 확장),41,2.5,165.0,194291.2,546966.7,309.0,27.8,11.12,2800.0,4.0,194305.2,546952.7,93,25,2933.3,31.22,400.0,124.95
E1 저층부 확대(경계 확장),39,2.5,157.5,194263.2,546952.7,261.4,25.56,10.23,3000.0,2.2,194291.2,546952.7,93,23,3119.2,33.2,400.0,119.05
E2 층수 하향(범위 밖 참고),35,3.0,165.0,194299.2,546960.7,703.2,45.93,15.31,2000.0,3.0,194283.2,546960.7,93,23,2104.3,22.4,400.0,107.25
E2 층수 하향(범위 밖 참고),30,2.0,165.0,194267.2,546944.7,479.0,30.95,15.48,2800.0,1.6,194283.2,546960.7,93,26,2909.8,30.97,400.0,92.5
E2 층수 하향(범위 밖 참고),30,2.0,165.0,194299.2,546944.7,479.0,30.95,15.48,2800.0,2.2,194315.2,546960.7,93,30,2915.2,31.03,400.0,92.5
E1 저층부 확대(경계 확장),45,3.5,150.0,194333.2,546994.7,216.6,27.53,7.87,3000.0,2.2,194305.2,546980.7,94,34,3119.2,33.2,400.0,136.75
E1 저층부 확대(경계 확장),43,2.0,157.5,194291.2,546966.7,411.5,28.69,14.34,2400.0,2.2,194319.2,546952.7,94,37,2506.7,26.68,400.0,130.85
E1 저층부 확대(경계 확장),41,2.0,157.5,194305.2,546938.7,180.0,18.97,9.49,3200.0,1.6,194305.2,546966.7,94,41,3317.3,35.31,400.0,124.95
E1 저층부 확대(경계 확장),39,3.0,150.0,194305.2,546966.7,192.4,24.03,8.01,3200.0,3.0,194291.2,546966.7,94,22,3331.6,35.46,400.0,119.05
E2 층수 하향(범위 밖 참고),39,2.5,150.0,194331.2,546976.7,606.2,38.93,15.57,2000.0,3.0,194299.2,546976.7,94,29,2104.3,22.4,400.0,119.05
E2 층수 하향(범위 밖 참고),39,3.0,150.0,194331.2,546992.7,606.2,42.65,14.22,2000.0,1.6,194315.2,546976.7,94,35,2092.9,22.28,400.0,119.05
E2 층수 하향(범위 밖 참고),30,2.0,165.0,194331.2,546976.7,879.0,41.93,20.96,2000.0,4.0,194299.2,546976.7,94,23,2112.8,22.49,400.0,92.5
E2 층수 하향(범위 밖 참고),30,2.5,150.0,194315.2,546976.7,879.0,46.88,18.75,2000.0,1.6,194283.2,546960.7,94,26,2092.9,22.28,400.0,92.5
E2 층수 하향(범위 밖 참고),30,3.0,165.0,194267.2,546944.7,479.0,37.91,12.64,2800.0,2.2,194315.2,546960.7,94,11,2915.2,31.03,400.0,92.5
E2 층수 하향(범위 밖 참고),25,2.0,150.0,194299.2,546960.7,1172.0,48.41,24.21,2000.0,1.6,194299.2,546960.7,94,45,2092.9,22.28,400.0,77.75
E1 저층부 확대(경계 확장),45,3.0,150.0,194305.2,546966.7,388.0,34.12,11.37,2400.0,2.2,194305.2,546966.7,95,47,2506.7,26.68,400.0,136.75
E1 저층부 확대(경계 확장),43,2.0,165.0,194291.2,546952.7,229.7,21.43,10.72,3000.0,2.2,194291.2,546952.7,95,25,3119.2,33.2,400.0,130.85
E1 저층부 확대(경계 확장),43,3.0,172.5,194263.2,546952.7,229.7,26.25,8.75,3000.0,2.2,194291.2,546952.7,95,23,3119.2,33.2,400.0,130.85
E1 저층부 확대(경계 확장),41,3.0,150.0,194291.2,546952.7,438.1,36.25,12.08,2400.0,2.2,194291.2,546952.7,95,28,2506.7,26.68,400.0,124.95
E1 저층부 확대(경계 확장),41,2.5,150.0,194305.2,546966.7,309.0,27.8,11.12,2800.0,1.6,194291.2,546966.7,95,42,2909.8,30.97,400.0,124.95
E1 저층부 확대(경계 확장),41,2.5,172.5,194333.2,546980.7,309.0,27.8,11.12,2800.0,2.2,194305.2,546980.7,95,30,2915.2,31.03,400.0,124.95
E2 층수 하향(범위 밖 참고),39,2.0,150.0,194299.2,546960.7,606.2,34.82,17.41,2000.0,1.6,194283.2,546960.7,95,33,2092.9,22.28,400.0,119.05
E2 층수 하향(범위 밖 참고),39,2.5,150.0,194299.2,546944.7,330.3,28.74,11.5,2800.0,2.2,194315.2,546960.7,95,30,2915.2,31.03,400.0,119.05
E2 층수 하향(범위 밖 참고),35,2.0,165.0,194331.2,546992.7,383.2,27.68,13.84,2800.0,3.0,194299.2,546976.7,95,27,2923.2,31.11,400.0,107.25
E2 층수 하향(범위 밖 참고),30,2.5,165.0,194299.2,546960.7,879.0,46.88,18.75,2000.0,3.0,194299.2,546960.7,95,42,2104.3,22.4,400.0,92.5
E2 층수 하향(범위 밖 참고),30,2.5,165.0,194331.2,546976.7,879.0,46.88,18.75,2000.0,3.0,194299.2,546976.7,95,26,2104.3,22.4,400.0,92.5
E2 층수 하향(범위 밖 참고),30,3.0,150.0,194299.2,546960.7,879.0,51.35,17.12,2000.0,2.2,194283.2,546960.7,95,25,2097.5,22.33,400.0,92.5
E2 층수 하향(범위 밖 참고),25,2.5,150.0,194299.2,546960.7,1172.0,54.13,21.65,2000.0,2.2,194299.2,546960.7,95,44,2097.5,22.33,400.0,77.75
E2 층수 하향(범위 밖 참고),25,3.0,165.0,194299.2,546944.7,638.7,43.77,14.59,2800.0,1.6,194315.2,546960.7,95,36,2909.8,30.97,400.0,77.75
E2 층수 하향(범위 밖 참고),20,2.0,150.0,194283.2,546944.7,1879.0,61.3,30.65,0.0,0.0,0.0,0.0,95,34,1972.0,20.99,400.0,63.0
E2 층수 하향(범위 밖 참고),20,2.5,150.0,194315.2,546960.7,958.0,48.94,19.58,2800.0,2.2,194299.2,546976.7,95,33,2915.2,31.03,400.0,63.0
E1 저층부 확대(경계 확장),41,2.0,165.0,194333.2,546980.7,438.1,29.6,14.8,2400.0,1.6,194291.2,546966.7,96,26,2501.7,26.63,400.0,124.95
E1 저층부 확대(경계 확장),41,2.5,165.0,194291.2,546952.7,438.1,33.09,13.24,2400.0,3.0,194305.2,546938.7,96,43,2514.1,26.76,400.0,124.95
E1 저층부 확대(경계 확장),39,2.0,157.5,194291.2,546966.7,468.3,30.6,15.3,2400.0,3.0,194305.2,546952.7,96,40,2514.1,26.76,400.0,119.05
E1 저층부 확대(경계 확장),39,2.5,165.0,194319.2,546980.7,468.3,34.22,13.69,2400.0,3.0,194305.2,546980.7,96,33,2514.1,26.76,400.0,119.05
E1 저층부 확대(경계 확장),39,3.0,150.0,194291.2,546966.7,330.3,31.48,10.49,2800.0,3.0,194305.2,546952.7,96,32,2923.2,31.11,400.0,119.05
E2 층수 하향(범위 밖 참고),39,2.5,165.0,194267.2,546944.7,606.2,38.93,15.57,2000.0,2.2,194283.2,546960.7,96,26,2097.5,22.33,400.0,119.05
E2 층수 하향(범위 밖 참고),39,3.0,165.0,194299.2,546944.7,606.2,42.65,14.22,2000.0,2.2,194283.2,546960.7,96,24,2097.5,22.33,400.0,119.05
E2 층수 하향(범위 밖 참고),39,2.0,165.0,194331.2,546992.7,330.3,25.7,12.85,2800.0,2.2,194299.2,546976.7,96,34,2915.2,31.03,400.0,119.05
E2 층수 하향(범위 밖 참고),39,2.5,150.0,194267.2,546944.7,330.3,28.74,11.5,2800.0,1.6,194283.2,546960.7,96,29,2909.8,30.97,400.0,119.05
E2 층수 하향(범위 밖 참고),30,3.0,165.0,194331.2,546976.7,879.0,51.35,17.12,2000.0,2.2,194299.2,546976.7,96,27,2097.5,22.33,400.0,92.5
E1 저층부 확대(경계 확장),45,2.0,150.0,194305.2,546980.7,388.0,27.86,13.93,2400.0,1.6,194277.2,546952.7,97,26,2501.7,26.63,400.0,136.75
E1 저층부 확대(경계 확장),45,3.5,150.0,194305.2,546966.7,388.0,36.85,10.53,2400.0,1.6,194277.2,546952.7,97,24,2501.7,26.63,400.0,136.75
E1 저층부 확대(경계 확장),43,3.5,165.0,194319.2,546980.7,411.5,37.95,10.84,2400.0,3.0,194305.2,546980.7,97,31,2514.1,26.76,400.0,130.85
E1 저층부 확대(경계 확장),43,3.0,150.0,194347.2,546980.7,290.3,29.51,9.84,2800.0,1.6,194291.2,546966.7,97,16,2909.8,30.97,400.0,130.85
E1 저층부 확대(경계 확장),39,3.5,165.0,194263.2,546938.7,261.4,30.25,8.64,3000.0,2.2,194291.2,546966.7,97,26,3119.2,33.2,400.0,119.05
E2 층수 하향(범위 밖 참고),39,2.0,150.0,194315.2,546992.7,330.3,25.7,12.85,2800.0,3.0,194299.2,546976.7,97,27,2923.2,31.11,400.0,119.05
E2 층수 하향(범위 밖 참고),39,2.5,150.0,194331.2,546992.7,330.3,28.74,11.5,2800.0,2.2,194283.2,546960.7,97,13,2915.2,31.03,400.0,119.05
E2 층수 하향(범위 밖 참고),35,2.5,150.0,194331.2,546976.7,703.2,41.93,16.77,2000.0,3.0,194283.2,546960.7,97,11,2104.3,22.4,400.0,107.25
E2 층수 하향(범위 밖 참고),30,2.0,165.0,194299.2,546960.7,879.0,41.93,20.96,2000.0,4.0,194299.2,546960.7,97,35,2112.8,22.49,400.0,92.5
E2 층수 하향(범위 밖 참고),30,3.0,150.0,194267.2,546928.7,479.0,37.91,12.64,2800.0,1.6,194299.2,546960.7,97,23,2909.8,30.97,400.0,92.5
E2 층수 하향(범위 밖 참고),30,3.0,165.0,194283.2,546960.7,479.0,37.91,12.64,2800.0,1.6,194299.2,546944.7,97,41,2909.8,30.97,400.0,92.5
E2 층수 하향(범위 밖 참고),20,3.0,165.0,194283.2,546944.7,358.0,32.77,10.92,3400.0,1.6,194299.2,546960.7,97,39,3520.9,37.48,400.0,63.0
E1 저층부 확대(경계 확장),45,3.0,150.0,194291.2,546952.7,273.7,28.66,9.55,2800.0,2.2,194305.2,546952.7,98,40,2915.2,31.03,400.0,136.75
E1 저층부 확대(경계 확장),45,2.5,165.0,194263.2,546938.7,216.6,23.27,9.31,3000.0,1.6,194305.2,546966.7,98,20,3113.6,33.14,400.0,136.75
E1 저층부 확대(경계 확장),43,2.5,165.0,194305.2,546952.7,411.5,32.07,12.83,2400.0,2.2,194305.2,546980.7,98,30,2506.7,26.68,400.0,130.85
E1 저층부 확대(경계 확장),43,3.0,165.0,194291.2,546952.7,411.5,35.14,11.71,2400.0,1.6,194305.2,546952.7,98,45,2501.7,26.63,400.0,130.85
E1 저층부 확대(경계 확장),43,3.0,165.0,194263.2,546938.7,290.3,29.51,9.84,2800.0,3.0,194305.2,546966.7,98,12,2923.2,31.11,400.0,130.85
E1 저층부 확대(경계 확장),43,3.5,150.0,194277.2,546952.7,229.7,28.35,8.1,3000.0,1.6,194305.2,546952.7,98,43,3113.6,33.14,400.0,130.85
E1 저층부 확대(경계 확장),41,2.5,172.5,194291.2,546952.7,180.0,21.21,8.49,3200.0,2.2,194305.2,546952.7,98,37,3323.0,35.37,400.0,124.95
E1 저층부 확대(경계 확장),39,3.0,165.0,194291.2,546952.7,468.3,37.48,12.49,2400.0,1.6,194305.2,546952.7,98,45,2501.7,26.63,400.0,119.05
E1 저층부 확대(경계 확장),39,2.5,150.0,194347.2,546980.7,330.3,28.74,11.5,2800.0,1.6,194291.2,546966.7,98,16,2909.8,30.97,400.0,119.05
E2 층수 하향(범위 밖 참고),39,2.5,150.0,194267.2,546944.7,606.2,38.93,15.57,2000.0,1.6,194283.2,546960.7,98,30,2092.9,22.28,400.0,119.05
E2 층수 하향(범위 밖 참고),39,2.0,150.0,194299.2,546944.7,330.3,25.7,12.85,2800.0,4.0,194315.2,546944.7,98,32,2933.3,31.22,400.0,119.05
E2 층수 하향(범위 밖 참고),39,3.0,150.0,194331.2,546992.7,330.3,31.48,10.49,2800.0,2.2,194299.2,546976.7,98,36,2915.2,31.03,400.0,119.05
E1 저층부 확대(경계 확장),45,2.5,172.5,194291.2,546966.7,388.0,31.14,12.46,2400.0,1.6,194277.2,546952.7,99,26,2501.7,26.63,400.0,136.75
E1 저층부 확대(경계 확장),45,2.0,172.5,194277.2,546952.7,273.7,23.4,11.7,2800.0,1.6,194291.2,546952.7,99,30,2909.8,30.97,400.0,136.75
E1 저층부 확대(경계 확장),39,2.5,157.5,194305.2,546952.7,468.3,34.22,13.69,2400.0,1.6,194319.2,546980.7,99,29,2501.7,26.63,400.0,119.05
E1 저층부 확대(경계 확장),39,3.0,150.0,194291.2,546966.7,468.3,37.48,12.49,2400.0,2.2,194319.2,546952.7,99,36,2506.7,26.68,400.0,119.05
E1 저층부 확대(경계 확장),39,2.5,150.0,194291.2,546938.7,192.4,21.93,8.77,3200.0,2.2,194305.2,546952.7,99,37,3323.0,35.37,400.0,119.05
E2 층수 하향(범위 밖 참고),39,2.5,150.0,194299.2,546960.7,606.2,38.93,15.57,2000.0,3.0,194299.2,546960.7,99,43,2104.3,22.4,400.0,119.05
E2 층수 하향(범위 밖 참고),35,2.0,150.0,194331.2,546992.7,383.2,27.68,13.84,2800.0,2.2,194283.2,546960.7,99,12,2915.2,31.03,400.0,107.25
E1 저층부 확대(경계 확장),45,3.0,157.5,194291.2,546966.7,388.0,34.12,11.37,2400.0,4.0,194305.2,546952.7,100,31,2523.5,26.86,400.0,136.75
E1 저층부 확대(경계 확장),43,2.0,150.0,194291.2,546966.7,229.7,21.43,10.72,3000.0,3.0,194319.2,546952.7,100,32,3127.5,33.29,400.0,130.85
E1 저층부 확대(경계 확장),41,3.0,165.0,194291.2,546966.7,438.1,36.25,12.08,2400.0,1.6,194291.2,546966.7,100,45,2501.7,26.63,400.0,124.95
E1 저층부 확대(경계 확장),39,2.0,157.5,194319.2,546980.7,468.3,30.6,15.3,2400.0,3.0,194305.2,546980.7,100,33,2514.1,26.76,400.0,119.05
E1 저층부 확대(경계 확장),39,2.5,165.0,194291.2,546966.7,468.3,34.22,13.69,2400.0,3.0,194305.2,546952.7,100,41,2514.1,26.76,400.0,119.05
E1 저층부 확대(경계 확장),39,3.0,165.0,194291.2,546938.7,192.4,24.03,8.01,3200.0,1.6,194291.2,546952.7,100,24,3317.3,35.31,400.0,119.05
E2 층수 하향(범위 밖 참고),35,2.0,150.0,194267.2,546944.7,383.2,27.68,13.84,2800.0,1.6,194283.2,546960.7,100,29,2909.8,30.97,400.0,107.25
E2 층수 하향(범위 밖 참고),35,2.5,165.0,194299.2,546944.7,383.2,30.95,12.38,2800.0,1.6,194283.2,546960.7,100,25,2909.8,30.97,400.0,107.25
E2 층수 하향(범위 밖 참고),30,2.0,150.0,194347.2,546976.7,479.0,30.95,15.48,2800.0,2.2,194299.2,546976.7,100,22,2915.2,31.03,400.0,92.5
E2 층수 하향(범위 밖 참고),25,2.0,150.0,194315.2,546960.7,1172.0,48.41,24.21,2000.0,3.0,194283.2,546960.7,100,14,2104.3,22.4,400.0,77.75
E2 층수 하향(범위 밖 참고),25,2.0,165.0,194299.2,546944.7,638.7,35.74,17.87,2800.0,1.6,194299.2,546960.7,100,42,2909.8,30.97,400.0,77.75
E1 저층부 확대(경계 확장),45,3.0,172.5,194277.2,546952.7,273.7,28.66,9.55,2800.0,2.2,194291.2,546952.7,101,25,2915.2,31.03,400.0,136.75
E1 저층부 확대(경계 확장),45,2.5,157.5,194277.2,546938.7,216.6,23.27,9.31,3000.0,2.2,194305.2,546952.7,101,34,3119.2,33.2,400.0,136.75
E1 저층부 확대(경계 확장),41,2.5,150.0,194277.2,546924.7,180.0,21.21,8.49,3200.0,2.2,194305.2,546952.7,101,24,3323.0,35.37,400.0,124.95
E1 저층부 확대(경계 확장),41,2.5,150.0,194277.2,546966.7,180.0,21.21,8.49,3200.0,1.6,194305.2,546966.7,101,41,3317.3,35.31,400.0,124.95
E2 층수 하향(범위 밖 참고),39,3.0,150.0,194299.2,546944.7,606.2,42.65,14.22,2000.0,3.0,194315.2,546944.7,101,40,2104.3,22.4,400.0,119.05
E2 층수 하향(범위 밖 참고),20,2.0,150.0,194299.2,546960.7,958.0,43.77,21.89,2800.0,1.6,194315.2,546976.7,101,28,2909.8,30.97,400.0,63.0
E1 저층부 확대(경계 확장),45,3.5,165.0,194291.2,546952.7,273.7,30.95,8.84,2800.0,1.6,194319.2,546966.7,102,28,2909.8,30.97,400.0,136.75
E1 저층부 확대(경계 확장),41,2.0,150.0,194291.2,546966.7,309.0,24.86,12.43,2800.0,2.2,194305.2,546966.7,102,39,2915.2,31.03,400.0,124.95
E2 층수 하향(범위 밖 참고),35,2.0,150.0,194299.2,546944.7,383.2,27.68,13.84,2800.0,2.2,194315.2,546960.7,102,30,2915.2,31.03,400.0,107.25
E1 저층부 확대(경계 확장),43,2.0,172.5,194263.2,546952.7,290.3,24.1,12.05,2800.0,1.6,194319.2,546966.7,103,12,2909.8,30.97,400.0,130.85
E1 저층부 확대(경계 확장),41,2.5,165.0,194291.2,546952.7,244.5,24.72,9.89,3000.0,1.6,194319.2,546966.7,103,28,3113.6,33.14,400.0,124.95
E1 저층부 확대(경계 확장),41,3.5,150.0,194277.2,546924.7,244.5,29.25,8.36,3000.0,1.6,194291.2,546952.7,103,25,3113.6,33.14,400.0,124.95
E1 저층부 확대(경계 확장),39,3.0,150.0,194277.2,546952.7,261.4,28.0,9.33,3000.0,3.0,194305.2,546952.7,103,28,3127.5,33.29,400.0,119.05
E1 저층부 확대(경계 확장),39,2.0,157.5,194277.2,546952.7,192.4,19.62,9.81,3200.0,1.6,194305.2,546952.7,103,43,3317.3,35.31,400.0,119.05
E2 층수 하향(범위 밖 참고),39,2.0,165.0,194299.2,546960.7,606.2,34.82,17.41,2000.0,2.2,194331.2,546960.7,103,31,2097.5,22.33,400.0,119.05
E2 층수 하향(범위 밖 참고),39,2.0,150.0,194267.2,546944.7,330.3,25.7,12.85,2800.0,2.2,194283.2,546960.7,103,26,2915.2,31.03,400.0,119.05
E2 층수 하향(범위 밖 참고),39,2.5,165.0,194267.2,546944.7,330.3,28.74,11.5,2800.0,4.0,194299.2,546960.7,103,13,2933.3,31.22,400.0,119.05
E2 층수 하향(범위 밖 참고),30,2.0,150.0,194267.2,546944.7,879.0,41.93,20.96,2000.0,1.6,194283.2,546960.7,103,28,2092.9,22.28,400.0,92.5
E2 층수 하향(범위 밖 참고),30,2.0,150.0,194299.2,546960.7,879.0,41.93,20.96,2000.0,1.6,194315.2,546960.7,103,42,2092.9,22.28,400.0,92.5
E2 층수 하향(범위 밖 참고),30,2.5,150.0,194283.2,546960.7,479.0,34.6,13.84,2800.0,4.0,194315.2,546944.7,103,32,2933.3,31.22,400.0,92.5
E2 층수 하향(범위 밖 참고),25,2.5,165.0,194299.2,546944.7,638.7,39.96,15.98,2800.0,2.2,194283.2,546960.7,103,21,2915.2,31.03,400.0,77.75
E2 층수 하향(범위 밖 참고),25,3.0,150.0,194283.2,546944.7,238.7,26.76,8.92,3400.0,1.6,194299.2,546960.7,103,39,3520.9,37.48,400.0,77.75
E2 층수 하향(범위 밖 참고),20,2.0,150.0,194267.2,546944.7,358.0,26.76,13.38,3400.0,2.2,194299.2,546960.7,103,26,3526.8,37.54,400.0,63.0
E2 층수 하향(범위 밖 참고),20,2.0,165.0,194267.2,546944.7,358.0,26.76,13.38,3400.0,2.2,194299.2,546960.7,103,23,3526.8,37.54,400.0,63.0
E1 저층부 확대(경계 확장),45,2.0,157.5,194277.2,546952.7,388.0,27.86,13.93,2400.0,2.2,194291.2,546952.7,104,28,2506.7,26.68,400.0,136.75
E1 저층부 확대(경계 확장),45,2.0,157.5,194277.2,546966.7,216.6,20.81,10.41,3000.0,1.6,194319.2,546966.7,104,28,3113.6,33.14,400.0,136.75
E1 저층부 확대(경계 확장),43,2.5,150.0,194305.2,546938.7,229.7,23.96,9.59,3000.0,3.0,194291.2,546966.7,104,19,3127.5,33.29,400.0,130.85
E1 저층부 확대(경계 확장),39,2.0,150.0,194291.2,546952.7,468.3,30.6,15.3,2400.0,1.6,194305.2,546952.7,104,45,2501.7,26.63,400.0,119.05
E1 저층부 확대(경계 확장),39,2.5,150.0,194305.2,546980.7,468.3,34.22,13.69,2400.0,4.0,194305.2,546966.7,104,40,2523.5,26.86,400.0,119.05
E1 저층부 확대(경계 확장),39,2.5,165.0,194263.2,546952.7,261.4,25.56,10.23,3000.0,1.6,194305.2,546966.7,104,28,3113.6,33.14,400.0,119.05
E2 층수 하향(범위 밖 참고),35,3.0,150.0,194299.2,546944.7,383.2,33.91,11.3,2800.0,2.2,194283.2,546960.7,104,22,2915.2,31.03,400.0,107.25
E2 층수 하향(범위 밖 참고),30,3.0,150.0,194331.2,546992.7,479.0,37.91,12.64,2800.0,1.6,194283.2,546960.7,104,12,2909.8,30.97,400.0,92.5
E1 저층부 확대(경계 확장),45,3.5,172.5,194291.2,546938.7,388.0,36.85,10.53,2400.0,1.6,194277.2,546952.7,105,22,2501.7,26.63,400.0,136.75
E1 저층부 확대(경계 확장),43,2.5,165.0,194277.2,546924.7,411.5,32.07,12.83,2400.0,2.2,194319.2,546952.7,105,16,2506.7,26.68,400.0,130.85
E1 저층부 확대(경계 확장),43,3.0,157.5,194277.2,546952.7,290.3,29.51,9.84,2800.0,3.0,194319.2,546952.7,105,35,2923.2,31.11,400.0,130.85
E1 저층부 확대(경계 확장),43,2.0,150.0,194263.2,546938.7,229.7,21.43,10.72,3000.0,3.0,194291.2,546966.7,105,24,3127.5,33.29,400.0,130.85
E1 저층부 확대(경계 확장),43,2.0,172.5,194277.2,546952.7,229.7,21.43,10.72,3000.0,1.6,194305.2,546952.7,105,43,3113.6,33.14,400.0,130.85
E1 저층부 확대(경계 확장),43,3.5,157.5,194263.2,546952.7,229.7,28.35,8.1,3000.0,3.0,194305.2,546966.7,105,23,3127.5,33.29,400.0,130.85
E1 저층부 확대(경계 확장),41,3.5,157.5,194277.2,546924.7,244.5,29.25,8.36,3000.0,3.0,194319.2,546952.7,105,16,3127.5,33.29,400.0,124.95
E2 층수 하향(범위 밖 참고),39,3.0,165.0,194283.2,546960.7,330.3,31.48,10.49,2800.0,2.2,194315.2,546960.7,105,30,2915.2,31.03,400.0,119.05
E2 층수 하향(범위 밖 참고),35,2.0,165.0,194299.2,546944.7,703.2,37.5,18.75,2000.0,2.2,194283.2,546960.7,105,24,2097.5,22.33,400.0,107.25
E1 저층부 확대(경계 확장),45,3.0,150.0,194291.2,546938.7,388.0,34.12,11.37,2400.0,2.2,194291.2,546952.7,106,27,2506.7,26.68,400.0,136.75
E1 저층부 확대(경계 확장),45,3.5,157.5,194291.2,546966.7,388.0,36.85,10.53,2400.0,2.2,194305.2,546966.7,106,42,2506.7,26.68,400.0,136.75
E1 저층부 확대(경계 확장),41,2.0,172.5,194291.2,546952.7,438.1,29.6,14.8,2400.0,2.2,194291.2,546952.7,106,28,2506.7,26.68,400.0,124.95
E1 저층부 확대(경계 확장),41,3.0,157.5,194291.2,546938.7,309.0,30.45,10.15,2800.0,2.2,194291.2,546952.7,106,24,2915.2,31.03,400.0,124.95
E1 저층부 확대(경계 확장),41,3.0,157.5,194291.2,546952.7,180.0,23.24,7.75,3200.0,1.6,194319.2,546966.7,106,28,3317.3,35.31,400.0,124.95
E1 저층부 확대(경계 확장),41,3.5,150.0,194291.2,546952.7,180.0,25.1,7.17,3200.0,2.2,194305.2,546966.7,106,32,3323.0,35.37,400.0,124.95
E1 저층부 확대(경계 확장),39,2.5,150.0,194277.2,546938.7,330.3,28.74,11.5,2800.0,1.6,194291.2,546952.7,106,29,2909.8,30.97,400.0,119.05
E1 저층부 확대(경계 확장),39,2.0,157.5,194263.2,546952.7,261.4,22.86,11.43,3000.0,1.6,194319.2,546966.7,106,15,3113.6,33.14,400.0,119.05
E1 저층부 확대(경계 확장),39,2.0,172.5,194291.2,546938.7,192.4,19.62,9.81,3200.0,1.6,194291.2,546952.7,106,24,3317.3,35.31,400.0,119.05
E1 저층부 확대(경계 확장),39,3.5,150.0,194263.2,546952.7,192.4,25.95,7.41,3200.0,3.0,194291.2,546966.7,106,22,3331.6,35.46,400.0,119.05
E1 저층부 확대(경계 확장),39,3.5,157.5,194291.2,546952.7,192.4,25.95,7.41,3200.0,1.6,194319.2,546966.7,106,28,3317.3,35.31,400.0,119.05
E2 층수 하향(범위 밖 참고),30,2.0,150.0,194315.2,546960.7,879.0,41.93,20.96,2000.0,3.0,194299.2,546960.7,106,44,2104.3,22.4,400.0,92.5
E2 층수 하향(범위 밖 참고),30,3.0,150.0,194267.2,546944.7,479.0,37.91,12.64,2800.0,3.0,194299.2,546960.7,106,22,2923.2,31.11,400.0,92.5
E1 저층부 확대(경계 확장),45,3.5,157.5,194277.2,546938.7,388.0,36.85,10.53,2400.0,2.2,194291.2,546952.7,107,24,2506.7,26.68,400.0,136.75
E1 저층부 확대(경계 확장),43,2.0,150.0,194305.2,546938.7,290.3,24.1,12.05,2800.0,3.0,194291.2,546966.7,107,19,2923.2,31.11,400.0,130.85
E1 저층부 확대(경계 확장),43,3.0,150.0,194277.2,546924.7,290.3,29.51,9.84,2800.0,1.6,194291.2,546952.7,107,25,2909.8,30.97,400.0,130.85
E1 저층부 확대(경계 확장),43,3.5,165.0,194277.2,546938.7,290.3,31.88,9.11,2800.0,4.0,194305.2,546952.7,107,19,2933.3,31.22,400.0,130.85
E1 저층부 확대(경계 확장),41,2.5,150.0,194277.2,546924.7,438.1,33.09,13.24,2400.0,3.0,194305.2,546938.7,107,26,2514.1,26.76,400.0,124.95
E1 저층부 확대(경계 확장),41,3.5,157.5,194291.2,546952.7,438.1,39.16,11.19,2400.0,1.6,194291.2,546966.7,107,43,2501.7,26.63,400.0,124.95
E1 저층부 확대(경계 확장),41,3.5,172.5,194277.2,546952.7,244.5,29.25,8.36,3000.0,2.2,194291.2,546952.7,107,25,3119.2,33.2,400.0,124.95
E1 저층부 확대(경계 확장),39,2.5,150.0,194263.2,546952.7,261.4,25.56,10.23,3000.0,2.2,194305.2,546966.7,107,27,3119.2,33.2,400.0,119.05
E1 저층부 확대(경계 확장),39,3.0,150.0,194277.2,546938.7,192.4,24.03,8.01,3200.0,1.6,194305.2,546952.7,107,41,3317.3,35.31,400.0,119.05
E2 층수 하향(범위 밖 참고),25,2.0,165.0,194299.2,546960.7,638.7,35.74,17.87,2800.0,2.2,194299.2,546976.7,107,38,2915.2,31.03,400.0,77.75
E2 층수 하향(범위 밖 참고),25,2.5,150.0,194283.2,546928.7,238.7,24.43,9.77,3400.0,2.2,194315.2,546960.7,107,22,3526.8,37.54,400.0,77.75
E1 저층부 확대(경계 확장),45,2.0,165.0,194277.2,546938.7,273.7,23.4,11.7,2800.0,2.2,194291.2,546952.7,108,23,2915.2,31.03,400.0,136.75
E1 저층부 확대(경계 확장),41,3.5,150.0,194291.2,546966.7,244.5,29.25,8.36,3000.0,3.0,194291.2,546966.7,108,24,3127.5,33.29,400.0,124.95
E1 저층부 확대(경계 확장),39,2.5,172.5,194263.2,546952.7,261.4,25.56,10.23,3000.0,3.0,194305.2,546966.7,108,17,3127.5,33.29,400.0,119.05
E2 층수 하향(범위 밖 참고),39,2.5,165.0,194283.2,546960.7,330.3,28.74,11.5,2800.0,2.2,194283.2,546960.7,108,26,2915.2,31.03,400.0,119.05
E2 층수 하향(범위 밖 참고),30,2.0,150.0,194267.2,546944.7,479.0,30.95,15.48,2800.0,3.0,194299.2,546960.7,108,22,2923.2,31.11,400.0,92.5
E2 층수 하향(범위 밖 참고),25,2.0,150.0,194267.2,546944.7,638.7,35.74,17.87,2800.0,3.0,194315.2,546960.7,108,10,2923.2,31.11,400.0,77.75
E1 저층부 확대(경계 확장),45,2.0,150.0,194305.2,546952.7,388.0,27.86,13.93,2400.0,4.0,194291.2,546966.7,109,20,2523.5,26.86,400.0,136.75
E1 저층부 확대(경계 확장),45,2.5,150.0,194291.2,546938.7,388.0,31.14,12.46,2400.0,3.0,194305.2,546938.7,109,41,2514.1,26.76,400.0,136.75
E1 저층부 확대(경계 확장),45,2.0,150.0,194263.2,546952.7,273.7,23.4,11.7,2800.0,2.2,194319.2,546966.7,109,20,2915.2,31.03,400.0,136.75
E1 저층부 확대(경계 확장),43,2.5,172.5,194291.2,546966.7,290.3,26.94,10.78,2800.0,2.2,194291.2,546966.7,109,34,2915.2,31.03,400.0,130.85
E1 저층부 확대(경계 확장),41,3.5,157.5,194277.2,546952.7,309.0,32.89,9.4,2800.0,2.2,194305.2,546952.7,109,40,2915.2,31.03,400.0,124.95
E2 층수 하향(범위 밖 참고),39,2.0,165.0,194299.2,546944.7,330.3,25.7,12.85,2800.0,3.0,194315.2,546960.7,109,29,2923.2,31.11,400.0,119.05
E2 층수 하향(범위 밖 참고),35,2.0,165.0,194283.2,546960.7,383.2,27.68,13.84,2800.0,2.2,194299.2,546944.7,109,36,2915.2,31.03,400.0,107.25
E2 층수 하향(범위 밖 참고),35,2.5,150.0,194299.2,546944.7,383.2,30.95,12.38,2800.0,3.0,194315.2,546960.7,109,29,2923.2,31.11,400.0,107.25
E2 층수 하향(범위 밖 참고),30,3.0,150.0,194283.2,546960.7,479.0,37.91,12.64,2800.0,1.6,194299.2,546960.7,109,43,2909.8,30.97,400.0,92.5
E2 층수 하향(범위 밖 참고),20,2.5,150.0,194283.2,546944.7,958.0,48.94,19.58,2800.0,1.6,194299.2,546960.7,109,41,2909.8,30.97,400.0,63.0
E1 저층부 확대(경계 확장),45,2.0,157.5,194291.2,546952.7,273.7,23.4,11.7,2800.0,1.6,194305.2,546966.7,110,43,2909.8,30.97,400.0,136.75
E1 저층부 확대(경계 확장),45,3.5,172.5,194277.2,546952.7,273.7,30.95,8.84,2800.0,2.2,194305.2,546952.7,110,40,2915.2,31.03,400.0,136.75
E1 저층부 확대(경계 확장),39,2.5,157.5,194277.2,546952.7,330.3,28.74,11.5,2800.0,3.0,194319.2,546952.7,110,35,2923.2,31.11,400.0,119.05
E1 저층부 확대(경계 확장),39,3.0,157.5,194277.2,546938.7,192.4,24.03,8.01,3200.0,2.2,194305.2,546966.7,110,28,3323.0,35.37,400.0,119.05
E2 층수 하향(범위 밖 참고),35,2.0,150.0,194331.2,546992.7,703.2,37.5,18.75,2000.0,1.6,194299.2,546976.7,110,31,2092.9,22.28,400.0,107.25
E1 저층부 확대(경계 확장),45,2.5,150.0,194291.2,546966.7,388.0,31.14,12.46,2400.0,3.0,194291.2,546966.7,111,30,2514.1,26.76,400.0,136.75
E1 저층부 확대(경계 확장),45,2.0,172.5,194263.2,546952.7,216.6,20.81,10.41,3000.0,3.0,194291.2,546966.7,111,24,3127.5,33.29,400.0,136.75
E1 저층부 확대(경계 확장),43,3.0,172.5,194277.2,546938.7,411.5,35.14,11.71,2400.0,2.2,194319.2,546952.7,111,24,2506.7,26.68,400.0,130.85
E1 저층부 확대(경계 확장),43,2.5,172.5,194277.2,546938.7,290.3,26.94,10.78,2800.0,4.0,194305.2,546952.7,111,16,2933.3,31.22,400.0,130.85
E1 저층부 확대(경계 확장),43,2.5,157.5,194291.2,546938.7,229.7,23.96,9.59,3000.0,3.0,194305.2,546952.7,111,28,3127.5,33.29,400.0,130.85
E1 저층부 확대(경계 확장),41,3.0,157.5,194277.2,546952.7,438.1,36.25,12.08,2400.0,3.0,194319.2,546952.7,111,34,2514.1,26.76,400.0,124.95
E2 층수 하향(범위 밖 참고),39,3.0,165.0,194283.2,546944.7,330.3,31.48,10.49,2800.0,1.6,194283.2,546960.7,111,28,2909.8,30.97,400.0,119.05
E2 층수 하향(범위 밖 참고),30,2.0,150.0,194283.2,546960.7,479.0,30.95,15.48,2800.0,1.6,194299.2,546960.7,111,43,2909.8,30.97,400.0,92.5
E2 층수 하향(범위 밖 참고),25,2.0,165.0,194283.2,546944.7,238.7,21.85,10.92,3400.0,3.0,194299.2,546960.7,111,14,3535.7,37.63,400.0,77.75
E2 층수 하향(범위 밖 참고),25,3.0,165.0,194283.2,546944.7,238.7,26.76,8.92,3400.0,1.6,194299.2,546960.7,111,39,3520.9,37.48,400.0,77.75
E1 저층부 확대(경계 확장),43,2.0,165.0,194277.2,546938.7,411.5,28.69,14.34,2400.0,3.0,194319.2,546952.7,112,24,2514.1,26.76,400.0,130.85
E1 저층부 확대(경계 확장),43,3.0,172.5,194291.2,546966.7,290.3,29.51,9.84,2800.0,2.2,194319.2,546966.7,112,27,2915.2,31.03,400.0,130.85
E1 저층부 확대(경계 확장),39,3.5,157.5,194277.2,546952.7,468.3,40.48,11.57,2400.0,1.6,194305.2,546952.7,112,45,2501.7,26.63,400.0,119.05
E1 저층부 확대(경계 확장),41,2.5,150.0,194291.2,546952.7,438.1,33.09,13.24,2400.0,3.0,194319.2,546952.7,113,30,2514.1,26.76,400.0,124.95
E1 저층부 확대(경계 확장),39,3.5,165.0,194277.2,546938.7,468.3,40.48,11.57,2400.0,2.2,194319.2,546952.7,113,27,2506.7,26.68,400.0,119.05
E1 저층부 확대(경계 확장),39,3.5,165.0,194291.2,546966.7,468.3,40.48,11.57,2400.0,2.2,194305.2,546980.7,113,34,2506.7,26.68,400.0,119.05
E1 저층부 확대(경계 확장),39,3.0,165.0,194277.2,546952.7,330.3,31.48,10.49,2800.0,4.0,194305.2,546952.7,113,25,2933.3,31.22,400.0,119.05
E1 저층부 확대(경계 확장),39,3.5,150.0,194291.2,546952.7,330.3,34.0,9.72,2800.0,1.6,194291.2,546966.7,113,41,2909.8,30.97,400.0,119.05
E1 저층부 확대(경계 확장),39,3.5,165.0,194305.2,546952.7,192.4,25.95,7.41,3200.0,2.2,194305.2,546980.7,113,31,3323.0,35.37,400.0,119.05
E2 층수 하향(범위 밖 참고),30,2.0,150.0,194331.2,546992.7,879.0,41.93,20.96,2000.0,3.0,194299.2,546976.7,113,28,2104.3,22.4,400.0,92.5
E2 층수 하향(범위 밖 참고),20,2.5,165.0,194283.2,546944.7,958.0,48.94,19.58,2800.0,1.6,194283.2,546960.7,113,25,2909.8,30.97,400.0,63.0
E1 저층부 확대(경계 확장),41,2.5,157.5,194291.2,546952.7,244.5,24.72,9.89,3000.0,2.2,194291.2,546966.7,114,33,3119.2,33.2,400.0,124.95
E2 층수 하향(범위 밖 참고),35,2.5,165.0,194267.2,546944.7,703.2,41.93,16.77,2000.0,1.6,194299.2,546976.7,114,26,2092.9,22.28,400.0,107.25
E2 층수 하향(범위 밖 참고),35,3.0,150.0,194299.2,546960.7,703.2,45.93,15.31,2000.0,2.2,194299.2,546976.7,114,44,2097.5,22.33,400.0,107.25
E2 층수 하향(범위 밖 참고),20,2.5,165.0,194283.2,546928.7,358.0,29.92,11.97,3400.0,1.6,194315.2,546976.7,114,13,3520.9,37.48,400.0,63.0
E1 저층부 확대(경계 확장),45,2.5,150.0,194277.2,546938.7,273.7,26.16,10.46,2800.0,1.6,194291.2,546966.7,115,39,2909.8,30.97,400.0,136.75
E1 저층부 확대(경계 확장),43,3.0,157.5,194305.2,546966.7,411.5,35.14,11.71,2400.0,3.0,194305.2,546980.7,115,33,2514.1,26.76,400.0,130.85
E1 저층부 확대(경계 확장),41,3.0,165.0,194277.2,546924.7,309.0,30.45,10.15,2800.0,2.2,194291.2,546966.7,115,24,2915.2,31.03,400.0,124.95
E1 저층부 확대(경계 확장),41,3.0,172.5,194277.2,546952.7,180.0,23.24,7.75,3200.0,1.6,194305.2,546966.7,115,41,3317.3,35.31,400.0,124.95
E1 저층부 확대(경계 확장),39,3.5,165.0,194277.2,546952.7,330.3,34.0,9.72,2800.0,2.2,194305.2,546952.7,115,40,2915.2,31.03,400.0,119.05
E2 층수 하향(범위 밖 참고),39,3.0,165.0,194267.2,546944.7,606.2,42.65,14.22,2000.0,3.0,194299.2,546976.7,115,18,2104.3,22.4,400.0,119.05
E2 층수 하향(범위 밖 참고),35,2.0,165.0,194267.2,546944.7,703.2,37.5,18.75,2000.0,3.0,194299.2,546976.7,115,18,2104.3,22.4,400.0,107.25
E2 층수 하향(범위 밖 참고),30,2.5,150.0,194299.2,546960.7,879.0,46.88,18.75,2000.0,2.2,194315.2,546976.7,115,33,2097.5,22.33,400.0,92.5
E1 저층부 확대(경계 확장),43,3.5,172.5,194291.2,546938.7,290.3,31.88,9.11,2800.0,1.6,194291.2,546952.7,116,30,2909.8,30.97,400.0,130.85
E1 저층부 확대(경계 확장),41,2.0,150.0,194277.2,546938.7,309.0,24.86,12.43,2800.0,4.0,194305.2,546952.7,116,20,2933.3,31.22,400.0,124.95
E1 저층부 확대(경계 확장),41,2.0,165.0,194277.2,546938.7,180.0,18.97,9.49,3200.0,2.2,194305.2,546966.7,116,26,3323.0,35.37,400.0,124.95
E1 저층부 확대(경계 확장),39,3.0,157.5,194291.2,546952.7,330.3,31.48,10.49,2800.0,3.0,194291.2,546966.7,116,23,2923.2,31.11,400.0,119.05
E2 층수 하향(범위 밖 참고),35,2.0,150.0,194283.2,546960.7,703.2,37.5,18.75,2000.0,3.0,194299.2,546944.7,116,40,2104.3,22.4,400.0,107.25
E2 층수 하향(범위 밖 참고),30,3.0,165.0,194299.2,546960.7,879.0,51.35,17.12,2000.0,4.0,194299.2,546976.7,116,28,2112.8,22.49,400.0,92.5
E2 층수 하향(범위 밖 참고),25,2.5,165.0,194299.2,546960.7,1172.0,54.13,21.65,2000.0,2.2,194331.2,546960.7,116,31,2097.5,22.33,400.0,77.75
E2 층수 하향(범위 밖 참고),20,2.0,150.0,194267.2,546944.7,958.0,43.77,21.89,2800.0,3.0,194299.2,546976.7,116,12,2923.2,31.11,400.0,63.0
E1 저층부 확대(경계 확장),45,2.5,172.5,194277.2,546938.7,388.0,31.14,12.46,2400.0,4.0,194305.2,546952.7,117,21,2523.5,26.86,400.0,136.75
E1 저층부 확대(경계 확장),45,3.5,150.0,194277.2,546938.7,388.0,36.85,10.53,2400.0,4.0,194305.2,546952.7,117,26,2523.5,26.86,400.0,136.75
E1 저층부 확대(경계 확장),43,3.5,150.0,194277.2,546924.7,290.3,31.88,9.11,2800.0,1.6,194305.2,546952.7,117,27,2909.8,30.97,400.0,130.85
E2 층수 하향(범위 밖 참고),39,2.0,165.0,194299.2,546944.7,606.2,34.82,17.41,2000.0,4.0,194315.2,546960.7,117,31,2112.8,22.49,400.0,119.05
E2 층수 하향(범위 밖 참고),39,2.0,165.0,194267.2,546944.7,330.3,25.7,12.85,2800.0,1.6,194315.2,546976.7,117,10,2909.8,30.97,400.0,119.05
E2 층수 하향(범위 밖 참고),25,2.0,150.0,194267.2,546928.7,238.7,21.85,10.92,3400.0,1.6,194315.2,546976.7,117,2,3520.9,37.48,400.0,77.75
E1 저층부 확대(경계 확장),45,2.0,165.0,194291.2,546966.7,388.0,27.86,13.93,2400.0,4.0,194291.2,546966.7,118,22,2523.5,26.86,400.0,136.75
E1 저층부 확대(경계 확장),45,2.5,165.0,194291.2,546952.7,273.7,26.16,10.46,2800.0,2.2,194319.2,546966.7,118,27,2915.2,31.03,400.0,136.75
E1 저층부 확대(경계 확장),43,2.0,165.0,194263.2,546938.7,290.3,24.1,12.05,2800.0,2.2,194305.2,546980.7,118,11,2915.2,31.03,400.0,130.85
E1 저층부 확대(경계 확장),41,3.0,150.0,194291.2,546952.7,180.0,23.24,7.75,3200.0,3.0,194291.2,546966.7,118,22,3331.6,35.46,400.0,124.95
E1 저층부 확대(경계 확장),39,2.5,165.0,194277.2,546938.7,192.4,21.93,8.77,3200.0,1.6,194319.2,546966.7,118,21,3317.3,35.31,400.0,119.05
E2 층수 하향(범위 밖 참고),25,2.5,150.0,194283.2,546960.7,238.7,24.43,9.77,3400.0,1.6,194315.2,546976.7,118,24,3520.9,37.48,400.0,77.75
E1 저층부 확대(경계 확장),41,3.5,150.0,194291.2,546938.7,438.1,39.16,11.19,2400.0,3.0,194319.2,546952.7,119,30,2514.1,26.76,400.0,124.95
E1 저층부 확대(경계 확장),39,3.0,172.5,194291.2,546952.7,468.3,37.48,12.49,2400.0,2.2,194319.2,546952.7,119,37,2506.7,26.68,400.0,119.05
E1 저층부 확대(경계 확장),39,2.5,157.5,194277.2,546938.7,192.4,21.93,8.77,3200.0,3.0,194291.2,546966.7,119,22,3331.6,35.46,400.0,119.05
E2 층수 하향(범위 밖 참고),25,3.0,150.0,194299.2,546944.7,638.7,43.77,14.59,2800.0,3.0,194299.2,546976.7,119,22,2923.2,31.11,400.0,77.75
E1 저층부 확대(경계 확장),45,3.0,172.5,194277.2,546924.7,388.0,34.12,11.37,2400.0,2.2,194305.2,546966.7,120,19,2506.7,26.68,400.0,136.75
E1 저층부 확대(경계 확장),43,3.5,172.5,194277.2,546952.7,229.7,28.35,8.1,3000.0,2.2,194291.2,546966.7,120,33,3119.2,33.2,400.0,130.85
E1 저층부 확대(경계 확장),39,3.5,172.5,194277.2,546938.7,468.3,40.48,11.57,2400.0,3.0,194305.2,546952.7,120,23,2514.1,26.76,400.0,119.05
E1 저층부 확대(경계 확장),39,2.0,165.0,194291.2,546952.7,330.3,25.7,12.85,2800.0,3.0,194291.2,546966.7,120,24,2923.2,31.11,400.0,119.05
E1 저층부 확대(경계 확장),39,3.5,172.5,194291.2,546952.7,330.3,34.0,9.72,2800.0,2.2,194319.2,546966.7,120,27,2915.2,31.03,400.0,119.05
E1 저층부 확대(경계 확장),39,3.5,172.5,194277.2,546952.7,261.4,30.25,8.64,3000.0,1.6,194319.2,546966.7,120,28,3113.6,33.14,400.0,119.05
E2 층수 하향(범위 밖 참고),39,2.0,150.0,194299.2,546944.7,606.2,34.82,17.41,2000.0,2.2,194315.2,546976.7,120,33,2097.5,22.33,400.0,119.05
E2 층수 하향(범위 밖 참고),39,3.0,150.0,194283.2,546944.7,606.2,42.65,14.22,2000.0,1.6,194283.2,546960.7,120,33,2092.9,22.28,400.0,119.05
E1 저층부 확대(경계 확장),45,2.0,157.5,194291.2,546924.7,216.6,20.81,10.41,3000.0,2.2,194305.2,546952.7,121,36,3119.2,33.2,400.0,136.75
E1 저층부 확대(경계 확장),45,2.5,150.0,194305.2,546938.7,216.6,23.27,9.31,3000.0,2.2,194305.2,546980.7,121,29,3119.2,33.2,400.0,136.75
E1 저층부 확대(경계 확장),43,3.0,157.5,194291.2,546938.7,411.5,35.14,11.71,2400.0,3.0,194305.2,546952.7,121,39,2514.1,26.76,400.0,130.85
E1 저층부 확대(경계 확장),41,2.0,172.5,194291.2,546952.7,244.5,22.11,11.06,3000.0,3.0,194291.2,546966.7,121,24,3127.5,33.29,400.0,124.95
E1 저층부 확대(경계 확장),39,2.0,165.0,194277.2,546924.7,330.3,25.7,12.85,2800.0,1.6,194305.2,546966.7,121,21,2909.8,30.97,400.0,119.05
E1 저층부 확대(경계 확장),39,3.5,157.5,194277.2,546952.7,330.3,34.0,9.72,2800.0,1.6,194319.2,546966.7,121,28,2909.8,30.97,400.0,119.05
E1 저층부 확대(경계 확장),39,3.0,165.0,194277.2,546952.7,261.4,28.0,9.33,3000.0,1.6,194319.2,546966.7,121,28,3113.6,33.14,400.0,119.05
E1 저층부 확대(경계 확장),39,2.5,172.5,194263.2,546938.7,192.4,21.93,8.77,3200.0,2.2,194305.2,546980.7,121,11,3323.0,35.37,400.0,119.05
E2 층수 하향(범위 밖 참고),35,2.5,150.0,194267.2,546944.7,383.2,30.95,12.38,2800.0,1.6,194315.2,546976.7,121,14,2909.8,30.97,400.0,107.25
E1 저층부 확대(경계 확장),45,3.5,150.0,194291.2,546938.7,273.7,30.95,8.84,2800.0,2.2,194291.2,546966.7,122,30,2915.2,31.03,400.0,136.75
E1 저층부 확대(경계 확장),43,2.5,150.0,194305.2,546980.7,411.5,32.07,12.83,2400.0,3.0,194305.2,546980.7,122,34,2514.1,26.76,400.0,130.85
E1 저층부 확대(경계 확장),41,2.5,157.5,194277.2,546952.7,438.1,33.09,13.24,2400.0,1.6,194291.2,546966.7,122,45,2501.7,26.63,400.0,124.95
E1 저층부 확대(경계 확장),41,2.0,157.5,194263.2,546952.7,309.0,24.86,12.43,2800.0,2.2,194305.2,546980.7,122,20,2915.2,31.03,400.0,124.95
E1 저층부 확대(경계 확장),41,2.5,157.5,194277.2,546952.7,309.0,27.8,11.12,2800.0,1.6,194319.2,546966.7,122,28,2909.8,30.97,400.0,124.95
E1 저층부 확대(경계 확장),41,3.5,165.0,194277.2,546938.7,244.5,29.25,8.36,3000.0,2.2,194305.2,546966.7,122,30,3119.2,33.2,400.0,124.95
E1 저층부 확대(경계 확장),39,3.0,157.5,194291.2,546966.7,468.3,37.48,12.49,2400.0,3.0,194305.2,546980.7,122,34,2514.1,26.76,400.0,119.05
E1 저층부 확대(경계 확장),45,2.5,165.0,194277.2,546924.7,388.0,31.14,12.46,2400.0,2.2,194305.2,546966.7,123,20,2506.7,26.68,400.0,136.75
E1 저층부 확대(경계 확장),43,2.5,165.0,194277.2,546952.7,290.3,26.94,10.78,2800.0,3.0,194291.2,546966.7,123,24,2923.2,31.11,400.0,130.85
E1 저층부 확대(경계 확장),41,2.0,150.0,194277.2,546924.7,438.1,29.6,14.8,2400.0,4.0,194305.2,546952.7,123,15,2523.5,26.86,400.0,124.95
E1 저층부 확대(경계 확장),41,3.5,165.0,194277.2,546938.7,309.0,32.89,9.4,2800.0,2.2,194305.2,546966.7,123,32,2915.2,31.03,400.0,124.95
E2 층수 하향(범위 밖 참고),25,2.0,150.0,194283.2,546960.7,638.7,35.74,17.87,2800.0,1.6,194315.2,546960.7,123,36,2909.8,30.97,400.0,77.75
E1 저층부 확대(경계 확장),45,3.0,165.0,194277.2,546952.7,388.0,34.12,11.37,2400.0,1.6,194305.2,546966.7,124,45,2501.7,26.63,400.0,136.75
E1 저층부 확대(경계 확장),39,2.5,150.0,194305.2,546952.7,468.3,34.22,13.69,2400.0,3.0,194305.2,546980.7,124,30,2514.1,26.76,400.0,119.05
E2 층수 하향(범위 밖 참고),39,2.5,150.0,194283.2,546960.7,606.2,38.93,15.57,2000.0,1.6,194315.2,546960.7,124,41,2092.9,22.28,400.0,119.05
E1 저층부 확대(경계 확장),45,2.5,172.5,194291.2,546938.7,273.7,26.16,10.46,2800.0,3.0,194305.2,546952.7,125,32,2923.2,31.11,400.0,136.75
E1 저층부 확대(경계 확장),45,3.0,157.5,194277.2,546938.7,273.7,28.66,9.55,2800.0,2.2,194305.2,546966.7,125,34,2915.2,31.03,400.0,136.75
E1 저층부 확대(경계 확장),45,3.5,157.5,194277.2,546924.7,273.7,30.95,8.84,2800.0,2.2,194319.2,546966.7,125,8,2915.2,31.03,400.0,136.75
E1 저층부 확대(경계 확장),41,2.0,172.5,194277.2,546952.7,309.0,24.86,12.43,2800.0,2.2,194291.2,546966.7,125,34,2915.2,31.03,400.0,124.95
E1 저층부 확대(경계 확장),39,3.0,157.5,194277.2,546938.7,468.3,37.48,12.49,2400.0,3.0,194305.2,546952.7,125,34,2514.1,26.76,400.0,119.05
E1 저층부 확대(경계 확장),39,2.0,150.0,194277.2,546952.7,261.4,22.86,11.43,3000.0,2.2,194291.2,546966.7,125,33,3119.2,33.2,400.0,119.05
E2 층수 하향(범위 밖 참고),35,3.0,165.0,194299.2,546944.7,383.2,33.91,11.3,2800.0,3.0,194299.2,546976.7,125,23,2923.2,31.11,400.0,107.25
E2 층수 하향(범위 밖 참고),30,2.5,150.0,194283.2,546944.7,479.0,34.6,13.84,2800.0,2.2,194283.2,546960.7,125,25,2915.2,31.03,400.0,92.5
E1 저층부 확대(경계 확장),45,3.5,165.0,194277.2,546952.7,388.0,36.85,10.53,2400.0,3.0,194291.2,546966.7,126,30,2514.1,26.76,400.0,136.75
E1 저층부 확대(경계 확장),43,2.0,172.5,194291.2,546966.7,411.5,28.69,14.34,2400.0,1.6,194319.2,546980.7,126,28,2501.7,26.63,400.0,130.85
E1 저층부 확대(경계 확장),41,2.0,172.5,194291.2,546966.7,180.0,18.97,9.49,3200.0,2.2,194305.2,546980.7,126,34,3323.0,35.37,400.0,124.95
E1 저층부 확대(경계 확장),39,3.5,150.0,194291.2,546966.7,468.3,40.48,11.57,2400.0,3.0,194305.2,546980.7,126,34,2514.1,26.76,400.0,119.05
E1 저층부 확대(경계 확장),39,3.0,157.5,194277.2,546952.7,261.4,28.0,9.33,3000.0,2.2,194291.2,546966.7,126,33,3119.2,33.2,400.0,119.05
E2 층수 하향(범위 밖 참고),35,3.0,150.0,194267.2,546944.7,703.2,45.93,15.31,2000.0,4.0,194299.2,546976.7,126,16,2112.8,22.49,400.0,107.25
E1 저층부 확대(경계 확장),43,2.0,172.5,194291.2,546938.7,411.5,28.69,14.34,2400.0,1.6,194305.2,546952.7,127,44,2501.7,26.63,400.0,130.85
E1 저층부 확대(경계 확장),43,3.0,172.5,194291.2,546966.7,411.5,35.14,11.71,2400.0,2.2,194305.2,546980.7,127,34,2506.7,26.68,400.0,130.85
E1 저층부 확대(경계 확장),41,2.0,157.5,194291.2,546924.7,244.5,22.11,11.06,3000.0,2.2,194305.2,546952.7,127,36,3119.2,33.2,400.0,124.95
E1 저층부 확대(경계 확장),39,2.5,165.0,194277.2,546938.7,330.3,28.74,11.5,2800.0,3.0,194305.2,546966.7,127,25,2923.2,31.11,400.0,119.05
E2 층수 하향(범위 밖 참고),35,2.5,150.0,194267.2,546944.7,703.2,41.93,16.77,2000.0,2.2,194299.2,546976.7,127,27,2097.5,22.33,400.0,107.25
E1 저층부 확대(경계 확장),43,2.0,157.5,194277.2,546952.7,290.3,24.1,12.05,2800.0,2.2,194291.2,546966.7,128,34,2915.2,31.03,400.0,130.85
E1 저층부 확대(경계 확장),43,3.5,157.5,194277.2,546952.7,290.3,31.88,9.11,2800.0,3.0,194291.2,546966.7,128,24,2923.2,31.11,400.0,130.85
E1 저층부 확대(경계 확장),39,3.5,150.0,194277.2,546938.7,468.3,40.48,11.57,2400.0,3.0,194305.2,546952.7,128,35,2514.1,26.76,400.0,119.05
E2 층수 하향(범위 밖 참고),39,2.0,165.0,194283.2,546928.7,606.2,34.82,17.41,2000.0,4.0,194315.2,546944.7,128,22,2112.8,22.49,400.0,119.05
E2 층수 하향(범위 밖 참고),35,2.0,150.0,194267.2,546944.7,703.2,37.5,18.75,2000.0,2.2,194299.2,546976.7,128,27,2097.5,22.33,400.0,107.25
E1 저층부 확대(경계 확장),45,2.0,172.5,194277.2,546952.7,388.0,27.86,13.93,2400.0,1.6,194305.2,546966.7,129,43,2501.7,26.63,400.0,136.75
E1 저층부 확대(경계 확장),41,2.0,157.5,194277.2,546952.7,438.1,29.6,14.8,2400.0,2.2,194291.2,546966.7,129,40,2506.7,26.68,400.0,124.95
E1 저층부 확대(경계 확장),41,3.0,150.0,194277.2,546924.7,438.1,36.25,12.08,2400.0,1.6,194291.2,546966.7,129,25,2501.7,26.63,400.0,124.95
E2 층수 하향(범위 밖 참고),25,2.0,165.0,194283.2,546928.7,638.7,35.74,17.87,2800.0,3.0,194299.2,546960.7,129,19,2923.2,31.11,400.0,77.75
E2 층수 하향(범위 밖 참고),25,2.5,150.0,194283.2,546944.7,638.7,39.96,15.98,2800.0,2.2,194315.2,546960.7,129,29,2915.2,31.03,400.0,77.75
E2 층수 하향(범위 밖 참고),39,2.5,150.0,194283.2,546944.7,606.2,38.93,15.57,2000.0,3.0,194315.2,546944.7,130,40,2104.3,22.4,400.0,119.05
E1 저층부 확대(경계 확장),45,3.0,157.5,194277.2,546938.7,388.0,34.12,11.37,2400.0,3.0,194291.2,546966.7,131,29,2514.1,26.76,400.0,136.75
E2 층수 하향(범위 밖 참고),20,2.0,165.0,194283.2,546944.7,958.0,43.77,21.89,2800.0,1.6,194315.2,546960.7,131,29,2909.8,30.97,400.0,63.0
E1 저층부 확대(경계 확장),41,2.5,150.0,194291.2,546938.7,309.0,27.8,11.12,2800.0,2.2,194319.2,546966.7,132,27,2915.2,31.03,400.0,124.95
E2 층수 하향(범위 밖 참고),35,3.0,165.0,194283.2,546944.7,703.2,45.93,15.31,2000.0,1.6,194299.2,546960.7,132,41,2092.9,22.28,400.0,107.25
E2 층수 하향(범위 밖 참고),30,2.0,165.0,194283.2,546944.7,879.0,41.93,20.96,2000.0,2.2,194283.2,546960.7,132,26,2097.5,22.33,400.0,92.5
E1 저층부 확대(경계 확장),41,3.5,172.5,194291.2,546938.7,438.1,39.16,11.19,2400.0,3.0,194319.2,546952.7,133,31,2514.1,26.76,400.0,124.95
E1 저층부 확대(경계 확장),41,2.5,150.0,194291.2,546952.7,244.5,24.72,9.89,3000.0,2.2,194305.2,546980.7,133,34,3119.2,33.2,400.0,124.95
E2 층수 하향(범위 밖 참고),39,3.0,150.0,194283.2,546944.7,330.3,31.48,10.49,2800.0,3.0,194315.2,546960.7,133,28,2923.2,31.11,400.0,119.05
E1 저층부 확대(경계 확장),41,3.0,165.0,194277.2,546952.7,180.0,23.24,7.75,3200.0,2.2,194305.2,546980.7,134,34,3323.0,35.37,400.0,124.95
E1 저층부 확대(경계 확장),43,2.5,165.0,194291.2,546938.7,229.7,23.96,9.59,3000.0,2.2,194291.2,546966.7,135,30,3119.2,33.2,400.0,130.85
E2 층수 하향(범위 밖 참고),35,3.0,150.0,194283.2,546928.7,383.2,33.91,11.3,2800.0,4.0,194299.2,546960.7,135,16,2933.3,31.22,400.0,107.25
E1 저층부 확대(경계 확장),41,2.0,165.0,194291.2,546938.7,438.1,29.6,14.8,2400.0,4.0,194305.2,546952.7,136,30,2523.5,26.86,400.0,124.95
E1 저층부 확대(경계 확장),39,2.5,172.5,194291.2,546952.7,468.3,34.22,13.69,2400.0,4.0,194305.2,546966.7,136,33,2523.5,26.86,400.0,119.05
E1 저층부 확대(경계 확장),39,2.0,150.0,194291.2,546952.7,192.4,19.62,9.81,3200.0,2.2,194305.2,546980.7,136,34,3323.0,35.37,400.0,119.05
E1 저층부 확대(경계 확장),43,3.5,165.0,194277.2,546924.7,411.5,37.95,10.84,2400.0,2.2,194305.2,546980.7,137,8,2506.7,26.68,400.0,130.85
E1 저층부 확대(경계 확장),41,3.5,172.5,194277.2,546938.7,309.0,32.89,9.4,2800.0,2.2,194305.2,546980.7,137,21,2915.2,31.03,400.0,124.95
E1 저층부 확대(경계 확장),39,3.5,172.5,194291.2,546966.7,468.3,40.48,11.57,2400.0,3.0,194305.2,546980.7,137,34,2514.1,26.76,400.0,119.05
E2 층수 하향(범위 밖 참고),30,2.0,150.0,194283.2,546944.7,879.0,41.93,20.96,2000.0,3.0,194315.2,546944.7,137,38,2104.3,22.4,400.0,92.5
E1 저층부 확대(경계 확장),43,3.5,157.5,194277.2,546952.7,411.5,37.95,10.84,2400.0,1.6,194319.2,546980.7,138,27,2501.7,26.63,400.0,130.85
E1 저층부 확대(경계 확장),41,2.5,172.5,194291.2,546938.7,438.1,33.09,13.24,2400.0,4.0,194305.2,546952.7,138,31,2523.5,26.86,400.0,124.95
E1 저층부 확대(경계 확장),41,3.5,165.0,194291.2,546938.7,438.1,39.16,11.19,2400.0,2.2,194291.2,546966.7,138,36,2506.7,26.68,400.0,124.95
E1 저층부 확대(경계 확장),45,2.0,150.0,194291.2,546938.7,388.0,27.86,13.93,2400.0,3.0,194291.2,546966.7,139,27,2514.1,26.76,400.0,136.75
E1 저층부 확대(경계 확장),43,2.0,150.0,194291.2,546952.7,411.5,28.69,14.34,2400.0,3.0,194305.2,546980.7,140,33,2514.1,26.76,400.0,130.85
E2 층수 하향(범위 밖 참고),39,2.0,165.0,194283.2,546944.7,606.2,34.82,17.41,2000.0,2.2,194299.2,546960.7,140,42,2097.5,22.33,400.0,119.05
E2 층수 하향(범위 밖 참고),35,2.0,165.0,194283.2,546960.7,703.2,37.5,18.75,2000.0,4.0,194299.2,546960.7,141,37,2112.8,22.49,400.0,107.25
E1 저층부 확대(경계 확장),45,2.0,150.0,194291.2,546938.7,216.6,20.81,10.41,3000.0,2.2,194305.2,546980.7,142,32,3119.2,33.2,400.0,136.75
E1 저층부 확대(경계 확장),43,3.0,150.0,194277.2,546952.7,411.5,35.14,11.71,2400.0,1.6,194319.2,546980.7,142,27,2501.7,26.63,400.0,130.85
E1 저층부 확대(경계 확장),39,2.5,165.0,194277.2,546938.7,468.3,34.22,13.69,2400.0,2.2,194305.2,546980.7,142,19,2506.7,26.68,400.0,119.05
E1 저층부 확대(경계 확장),41,2.0,150.0,194277.2,546952.7,180.0,18.97,9.49,3200.0,2.2,194305.2,546980.7,143,34,3323.0,35.37,400.0,124.95
E1 저층부 확대(경계 확장),39,2.0,157.5,194291.2,546938.7,468.3,30.6,15.3,2400.0,2.2,194305.2,546980.7,143,30,2506.7,26.68,400.0,119.05
E1 저층부 확대(경계 확장),43,2.0,157.5,194277.2,546924.7,229.7,21.43,10.72,3000.0,2.2,194305.2,546980.7,144,12,3119.2,33.2,400.0,130.85
E1 저층부 확대(경계 확장),41,2.0,150.0,194277.2,546938.7,244.5,22.11,11.06,3000.0,2.2,194305.2,546980.7,144,29,3119.2,33.2,400.0,124.95
E1 저층부 확대(경계 확장),43,2.0,157.5,194291.2,546938.7,411.5,28.69,14.34,2400.0,1.6,194319.2,546980.7,145,27,2501.7,26.63,400.0,130.85
E2 층수 하향(범위 밖 참고),39,2.5,165.0,194283.2,546944.7,606.2,38.93,15.57,2000.0,4.0,194299.2,546960.7,145,34,2112.8,22.49,400.0,119.05
E2 층수 하향(범위 밖 참고),35,2.5,165.0,194283.2,546944.7,703.2,41.93,16.77,2000.0,3.0,194315.2,546960.7,145,28,2104.3,22.4,400.0,107.25
E2 층수 하향(범위 밖 참고),35,2.5,165.0,194283.2,546928.7,383.2,30.95,12.38,2800.0,2.2,194299.2,546976.7,145,26,2915.2,31.03,400.0,107.25
E2 층수 하향(범위 밖 참고),30,2.5,165.0,194283.2,546944.7,479.0,34.6,13.84,2800.0,3.0,194315.2,546960.7,145,27,2923.2,31.11,400.0,92.5
E2 층수 하향(범위 밖 참고),30,2.5,165.0,194283.2,546928.7,479.0,34.6,13.84,2800.0,1.6,194315.2,546976.7,147,11,2909.8,30.97,400.0,92.5
E1 저층부 확대(경계 확장),45,2.0,165.0,194291.2,546938.7,388.0,27.86,13.93,2400.0,3.0,194291.2,546966.7,148,27,2514.1,26.76,400.0,136.75
E2 층수 하향(범위 밖 참고),30,2.5,165.0,194283.2,546944.7,879.0,46.88,18.75,2000.0,1.6,194315.2,546960.7,148,34,2092.9,22.28,400.0,92.5
E1 저층부 확대(경계 확장),43,2.5,150.0,194277.2,546938.7,411.5,32.07,12.83,2400.0,2.2,194305.2,546980.7,149,26,2506.7,26.68,400.0,130.85
E1 저층부 확대(경계 확장),43,3.5,150.0,194291.2,546938.7,411.5,37.95,10.84,2400.0,3.0,194305.2,546980.7,149,30,2514.1,26.76,400.0,130.85
E1 저층부 확대(경계 확장),39,2.0,165.0,194291.2,546938.7,468.3,30.6,15.3,2400.0,4.0,194305.2,546966.7,149,31,2523.5,26.86,400.0,119.05
E2 층수 하향(범위 밖 참고),30,3.0,165.0,194283.2,546944.7,879.0,51.35,17.12,2000.0,2.2,194315.2,546960.7,149,31,2097.5,22.33,400.0,92.5
E2 층수 하향(범위 밖 참고),39,3.0,150.0,194283.2,546928.7,330.3,31.48,10.49,2800.0,1.6,194315.2,546976.7,150,22,2909.8,30.97,400.0,119.05
E2 층수 하향(범위 밖 참고),39,2.0,150.0,194283.2,546928.7,606.2,34.82,17.41,2000.0,2.2,194331.2,546960.7,151,19,2097.5,22.33,400.0,119.05
E1 저층부 확대(경계 확장),39,3.0,150.0,194277.2,546938.7,468.3,37.48,12.49,2400.0,1.6,194319.2,546980.7,155,20,2501.7,26.63,400.0,119.05
E2 층수 하향(범위 밖 참고),25,2.0,165.0,194283.2,546944.7,1172.0,48.41,24.21,2000.0,3.0,194315.2,546960.7,156,21,2104.3,22.4,400.0,77.75
E2 층수 하향(범위 밖 참고),25,3.0,165.0,194283.2,546944.7,1172.0,59.3,19.77,2000.0,2.2,194315.2,546976.7,159,22,2097.5,22.33,400.0,77.75
E1 저층부 확대(경계 확장),43,2.5,172.5,194291.2,546938.7,411.5,32.07,12.83,2400.0,3.0,194305.2,546980.7,161,29,2514.1,26.76,400.0,130.85
