순위,코드,계열,형상,기준층㎡,층수,직사각형도,장단비,동서폭m,대지수용,기준A충족%,기준B충족%,현황대비%p,학교최악%p,불충족점수,불충족평균확보h,학교30-1%,학교40-1%,학교40-2%,학교40-3%
1,S009,직사각형,직사각형 1.25:1 / 회전 105°,683.3,55,1.0,1.25,30.1,가능,85.4,81.5,2.8,-2.8,99,1.39,80.7,85.9,84.8,100.0
2,S021,직사각형,직사각형 1.5:1 / 회전 105°,683.3,55,1.0,1.5,28.9,가능,85.4,81.5,2.8,-2.8,99,1.39,80.7,85.9,84.8,100.0
3,S022,직사각형,직사각형 1.5:1 / 회전 120°,683.3,55,1.0,1.5,34.5,가능,85.4,81.5,2.8,-2.8,99,1.38,80.7,85.9,84.8,100.0
4,S085,팔각형,모서리컷 팔각형 1.6:1 / 회전 105°,683.3,55,0.98,1.6,27.5,가능,85.4,81.5,2.8,-2.8,99,1.39,80.7,85.9,84.8,100.0
5,S086,팔각형,모서리컷 팔각형 1.6:1 / 회전 120°,683.3,55,0.98,1.6,32.2,가능,85.4,81.5,2.8,-2.8,99,1.39,80.7,85.9,84.8,100.0
6,S033,직사각형,직사각형 2:1 / 회전 105°,683.3,55,1.0,2.0,27.4,가능,85.4,81.5,2.8,-2.8,99,1.4,80.7,85.9,84.8,100.0
7,S034,직사각형,직사각형 2:1 / 회전 120°,683.3,55,1.0,2.0,34.5,가능,85.4,81.5,2.8,-2.8,99,1.38,80.7,85.9,84.8,100.0
8,S045,직사각형,직사각형 2.5:1 / 회전 105°,683.3,55,1.0,2.5,26.7,가능,85.6,81.5,2.9,-2.8,98,1.37,81.1,85.9,84.8,100.0
9,S057,직사각형,직사각형 3:1 / 회전 105°,683.3,55,1.0,3.0,26.3,가능,85.6,81.5,2.9,-2.8,98,1.37,81.1,85.9,84.8,100.0
10,S096,타원,타원 1.6:1 / 회전 75°,683.3,55,0.784,1.6,24.5,가능,85.4,81.5,2.8,-2.8,99,1.41,80.7,85.9,84.8,100.0
11,S097,타원,타원 1.6:1 / 회전 90°,683.3,55,0.784,1.6,23.4,가능,85.4,81.5,2.8,-2.8,99,1.42,80.7,85.9,84.8,100.0
12,S098,타원,타원 1.6:1 / 회전 105°,683.3,55,0.784,1.6,24.5,가능,85.4,81.5,2.8,-2.8,99,1.41,80.7,85.9,84.8,100.0
13,S099,타원,타원 1.6:1 / 회전 120°,683.3,55,0.784,1.6,27.5,가능,85.4,81.5,2.8,-2.8,99,1.4,80.7,85.9,84.8,100.0
14,S069,직사각형,직사각형 4:1 / 회전 105°,683.3,55,1.0,4.0,26.2,가능,85.6,81.5,2.9,-2.8,98,1.36,81.1,85.9,84.8,100.0
15,S110,타원,타원 2.4:1 / 회전 105°,683.3,55,0.784,2.4,21.9,가능,85.6,81.5,2.9,-2.8,98,1.4,81.1,85.9,84.8,100.0
16,S111,타원,타원 2.4:1 / 회전 120°,683.3,55,0.784,2.4,28.2,가능,85.6,81.5,2.9,-2.8,98,1.37,81.1,85.9,84.8,100.0
17,S109,타원,타원 2.4:1 / 회전 90°,683.3,55,0.784,2.4,19.1,가능,85.4,81.5,2.8,-2.8,99,1.44,80.7,85.9,84.8,100.0
18,S075,팔각형,모서리컷 팔각형 c0.15 / 회전 45°,683.3,55,0.989,1.0,34.4,가능,85.3,80.7,2.6,-2.8,100,1.42,80.2,85.9,84.8,100.0
19,S076,팔각형,모서리컷 팔각형 c0.3 / 회전 0°,683.3,55,0.955,1.0,26.7,가능,85.3,81.2,2.6,-2.8,100,1.42,80.2,85.9,84.8,100.0
20,S077,팔각형,모서리컷 팔각형 c0.3 / 회전 45°,683.3,55,0.955,1.0,32.2,가능,85.3,81.0,2.6,-2.8,100,1.42,80.2,85.9,84.8,100.0
21,S003,직사각형,직사각형 1.25:1 / 회전 15°,683.3,55,1.0,1.25,34.3,가능,85.3,81.2,2.6,-2.8,100,1.41,80.2,85.9,84.8,100.0
22,S004,직사각형,직사각형 1.25:1 / 회전 30°,683.3,55,1.0,1.25,37.0,가능,85.3,81.0,2.6,-2.8,100,1.4,80.2,85.9,84.8,100.0
23,S010,직사각형,직사각형 1.25:1 / 회전 120°,683.3,55,1.0,1.25,34.9,가능,85.3,81.2,2.6,-2.8,100,1.41,80.2,85.9,84.8,100.0
24,S084,팔각형,모서리컷 팔각형 1.6:1 / 회전 90°,683.3,55,0.98,1.6,20.9,가능,85.3,81.2,2.6,-2.8,100,1.44,80.2,85.9,84.8,100.0
25,S087,팔각형,모서리컷 팔각형 1.6:1 / 회전 135°,683.3,55,0.98,1.6,34.7,가능,85.3,80.9,2.6,-2.8,100,1.4,80.2,85.9,84.8,100.0
26,S090,타원,타원 1:1 / 회전 0°,683.3,55,0.787,1.0,29.5,가능,85.3,81.2,2.6,-2.8,100,1.42,80.2,85.9,84.8,100.0
27,S095,타원,타원 1.6:1 / 회전 60°,683.3,55,0.784,1.6,27.5,가능,85.3,81.2,2.6,-2.8,100,1.44,80.2,85.9,84.8,100.0
28,S100,타원,타원 1.6:1 / 회전 135°,683.3,55,0.784,1.6,31.1,가능,85.3,81.2,2.6,-2.8,100,1.41,80.2,85.9,84.8,100.0
29,S101,타원,타원 1.6:1 / 회전 150°,683.3,55,0.784,1.6,34.4,가능,85.3,81.2,2.6,-2.8,100,1.4,80.2,85.9,84.8,100.0
30,S108,타원,타원 2.4:1 / 회전 75°,683.3,55,0.784,2.4,21.9,가능,85.3,81.2,2.6,-2.8,100,1.44,80.2,85.9,84.8,100.0
31,S139,V(<)형,'<' 벌림 140° / 회전 0°,683.3,55,0.507,3.02,21.1,가능,85.3,80.4,2.6,-2.8,100,1.43,80.2,85.9,84.8,100.0
32,S001,직사각형,직사각형 1:1 / 회전 0°,683.3,55,1.0,1.0,26.1,가능,84.7,80.1,2.1,-2.8,104,1.48,80.2,85.9,82.1,100.0
33,S074,팔각형,모서리컷 팔각형 c0.15 / 회전 0°,683.3,55,0.989,1.0,26.3,가능,84.7,80.1,2.1,-2.8,104,1.49,80.2,85.9,82.1,100.0
34,S008,직사각형,직사각형 1.25:1 / 회전 90°,683.3,55,1.0,1.25,23.4,가능,84.7,80.1,2.1,-2.8,104,1.5,80.2,85.9,82.1,100.0
35,S011,직사각형,직사각형 1.25:1 / 회전 135°,683.3,55,1.0,1.25,37.2,가능,84.7,80.0,2.1,-2.8,104,1.47,80.2,85.9,82.1,100.0
36,S002,직사각형,직사각형 1.25:1 / 회전 0°,683.3,55,1.0,1.25,29.2,가능,84.6,80.0,1.9,-2.8,105,1.49,79.7,85.9,82.1,100.0
37,S005,직사각형,직사각형 1.25:1 / 회전 45°,683.3,55,1.0,1.25,37.2,가능,84.6,79.3,1.9,-3.2,105,1.48,80.2,85.5,82.1,100.0
38,S007,직사각형,직사각형 1.25:1 / 회전 75°,683.3,55,1.0,1.25,30.1,가능,84.6,79.1,1.9,-2.8,105,1.5,79.7,85.9,82.1,100.0
39,S006,직사각형,직사각형 1.25:1 / 회전 60°,683.3,55,1.0,1.25,34.9,가능,84.4,79.0,1.8,-3.3,106,1.52,79.2,85.9,82.1,100.0
40,S015,직사각형,직사각형 1.5:1 / 회전 15°,683.3,55,1.0,1.5,36.4,가능,84.7,80.1,2.1,-2.8,104,1.47,80.2,85.9,82.1,100.0
41,S020,직사각형,직사각형 1.5:1 / 회전 90°,683.3,55,1.0,1.5,21.3,가능,84.7,80.3,2.1,-2.8,104,1.5,80.2,85.9,82.1,100.0
42,S023,직사각형,직사각형 1.5:1 / 회전 135°,683.3,55,1.0,1.5,37.7,가능,84.7,79.3,2.1,-2.8,104,1.47,80.2,85.9,82.1,100.0
43,S016,직사각형,직사각형 1.5:1 / 회전 30°,683.3,55,1.0,1.5,38.4,가능,84.6,80.0,1.9,-3.2,105,1.47,80.2,85.5,82.1,100.0
44,S019,직사각형,직사각형 1.5:1 / 회전 75°,683.3,55,1.0,1.5,28.9,가능,84.6,79.1,1.9,-2.8,105,1.5,79.7,85.9,82.1,100.0
45,S014,직사각형,직사각형 1.5:1 / 회전 0°,683.3,55,1.0,1.5,32.0,가능,84.4,79.0,1.8,-3.3,106,1.51,79.2,85.9,82.1,100.0
46,S018,직사각형,직사각형 1.5:1 / 회전 60°,683.3,55,1.0,1.5,34.5,가능,84.4,79.1,1.8,-3.3,106,1.52,79.2,85.9,82.1,100.0
47,S079,팔각형,모서리컷 팔각형 1.6:1 / 회전 15°,683.3,55,0.98,1.6,36.3,가능,84.7,79.3,2.1,-2.8,104,1.47,80.2,85.9,82.1,100.0
48,S082,팔각형,모서리컷 팔각형 1.6:1 / 회전 60°,683.3,55,0.98,1.6,32.2,가능,84.7,80.1,2.1,-2.8,104,1.48,80.2,85.9,82.1,100.0
49,S083,팔각형,모서리컷 팔각형 1.6:1 / 회전 75°,683.3,55,0.98,1.6,27.5,가능,84.7,80.1,2.1,-2.8,104,1.5,80.2,85.9,82.1,100.0
50,S080,팔각형,모서리컷 팔각형 1.6:1 / 회전 30°,683.3,55,0.98,1.6,36.7,가능,84.6,79.3,1.9,-3.2,105,1.48,80.2,85.5,82.1,100.0
51,S081,팔각형,모서리컷 팔각형 1.6:1 / 회전 45°,683.3,55,0.98,1.6,34.7,가능,84.6,80.0,1.9,-3.2,105,1.49,80.2,85.5,82.1,100.0
52,S078,팔각형,모서리컷 팔각형 1.6:1 / 회전 0°,683.3,55,0.98,1.6,33.4,가능,84.4,79.0,1.8,-3.3,106,1.51,79.2,85.9,82.1,100.0
53,S088,팔각형,모서리컷 팔각형 1.6:1 / 회전 150°,683.3,55,0.98,1.6,36.7,가능,84.4,79.0,1.8,-3.3,106,1.5,79.2,85.9,82.1,100.0
54,S089,팔각형,모서리컷 팔각형 1.6:1 / 회전 165°,683.3,55,0.98,1.6,36.3,가능,84.4,78.8,1.8,-3.3,106,1.51,79.2,85.9,82.1,100.0
55,S032,직사각형,직사각형 2:1 / 회전 90°,683.3,55,1.0,2.0,18.5,가능,84.7,80.3,2.1,-2.8,104,1.5,80.2,85.9,82.1,100.0
56,S030,직사각형,직사각형 2:1 / 회전 60°,683.3,55,1.0,2.0,34.5,가능,84.6,79.3,1.9,-2.8,105,1.49,79.7,85.9,82.1,100.0
57,S031,직사각형,직사각형 2:1 / 회전 75°,683.3,55,1.0,2.0,27.4,가능,84.6,80.0,1.9,-2.8,105,1.5,79.7,85.9,82.1,100.0
58,S027,직사각형,직사각형 2:1 / 회전 15°,683.3,55,1.0,2.0,40.5,가능,84.4,78.1,1.8,-3.3,106,1.49,79.2,85.9,82.1,100.0
59,S046,직사각형,직사각형 2.5:1 / 회전 120°,683.3,55,1.0,2.5,35.0,가능,84.9,80.7,2.2,-2.8,103,1.41,81.1,85.9,81.5,100.0
60,S044,직사각형,직사각형 2.5:1 / 회전 90°,683.3,55,1.0,2.5,16.5,가능,84.7,80.3,2.1,-2.8,104,1.5,80.2,85.9,82.1,100.0
61,S043,직사각형,직사각형 2.5:1 / 회전 75°,683.3,55,1.0,2.5,26.7,가능,84.6,80.0,1.9,-2.8,105,1.51,79.7,85.9,82.1,100.0
62,S056,직사각형,직사각형 3:1 / 회전 90°,683.3,55,1.0,3.0,15.1,가능,84.7,80.3,2.1,-2.8,104,1.51,80.2,85.9,82.1,100.0
63,S055,직사각형,직사각형 3:1 / 회전 75°,683.3,55,1.0,3.0,26.3,가능,84.6,80.0,1.9,-2.8,105,1.5,79.7,85.9,82.1,100.0
64,S094,타원,타원 1.6:1 / 회전 45°,683.3,55,0.784,1.6,31.1,가능,84.7,80.3,2.1,-2.8,104,1.49,80.2,85.9,82.1,100.0
65,S102,타원,타원 1.6:1 / 회전 165°,683.3,55,0.784,1.6,36.6,가능,84.7,80.0,2.1,-2.8,104,1.47,80.2,85.9,82.1,100.0
66,S093,타원,타원 1.6:1 / 회전 30°,683.3,55,0.784,1.6,34.4,가능,84.6,80.0,1.9,-3.2,105,1.48,80.2,85.5,82.1,100.0
67,S091,타원,타원 1.6:1 / 회전 0°,683.3,55,0.784,1.6,37.4,가능,84.4,79.0,1.8,-3.3,106,1.5,79.2,85.9,82.1,100.0
68,S068,직사각형,직사각형 4:1 / 회전 90°,683.3,55,1.0,4.0,13.1,가능,84.7,80.3,2.1,-2.8,104,1.51,80.2,85.9,82.1,100.0
69,S107,타원,타원 2.4:1 / 회전 60°,683.3,55,0.784,2.4,28.2,가능,84.7,80.3,2.1,-2.8,104,1.5,80.2,85.9,82.1,100.0
70,S182,T형,'T' 자 / 회전 270°,683.3,55,0.539,1.61,28.1,가능,84.7,80.3,2.1,-2.8,104,1.48,80.2,85.9,82.1,100.0
71,S151,V(<)형,'<' 벌림 160° / 회전 0°,683.3,55,0.654,3.99,16.2,가능,84.7,80.3,2.1,-2.8,104,1.5,80.2,85.9,82.1,100.0
72,S013,직사각형,직사각형 1.25:1 / 회전 165°,683.3,55,1.0,1.25,34.3,가능,84.3,78.8,1.6,-3.8,107,1.52,78.8,85.9,82.1,100.0
73,S017,직사각형,직사각형 1.5:1 / 회전 45°,683.3,55,1.0,1.5,37.7,가능,84.3,79.0,1.6,-3.3,107,1.52,79.2,85.5,82.1,100.0
74,S029,직사각형,직사각형 2:1 / 회전 45°,683.3,55,1.0,2.0,39.2,가능,84.0,78.7,1.3,-4.4,109,1.51,79.7,84.3,82.1,100.0
75,S092,타원,타원 1.6:1 / 회전 15°,683.3,55,0.784,1.6,36.6,가능,84.3,78.8,1.6,-3.3,107,1.52,79.2,85.5,82.1,100.0
76,S106,타원,타원 2.4:1 / 회전 45°,683.3,55,0.784,2.4,35.1,가능,84.0,79.0,1.3,-4.4,109,1.52,79.7,84.3,82.1,100.0
77,S121,V(<)형,'<' 벌림 90° / 회전 180°,683.3,55,0.476,1.0,30.7,가능,84.1,79.6,1.5,-2.8,108,1.56,80.2,85.9,79.5,100.0
78,S126,V(<)형,'<' 벌림 90° / 회전 330°,683.3,55,0.476,1.0,38.0,가능,84.0,78.4,1.3,-3.8,109,1.52,78.8,85.5,81.5,100.0
79,S127,V(<)형,'<' 벌림 120° / 회전 0°,683.3,55,0.439,2.39,25.5,가능,84.1,78.7,1.5,-2.8,108,1.55,80.2,85.9,79.5,100.0
80,S012,직사각형,직사각형 1.25:1 / 회전 150°,683.3,55,1.0,1.25,37.0,가능,83.7,78.1,1.0,-3.3,111,1.55,79.2,85.9,78.8,100.0
81,S028,직사각형,직사각형 2:1 / 회전 30°,683.3,55,1.0,2.0,41.3,가능,83.8,78.5,1.2,-4.4,110,1.53,79.2,84.3,82.1,100.0
82,S042,직사각형,직사각형 2.5:1 / 회전 60°,683.3,55,1.0,2.5,35.0,가능,83.8,78.4,1.2,-3.2,110,1.56,79.7,85.5,79.5,100.0
83,S161,L(ㄱ)형,'ㄱ' 직각 / 회전 0°,683.3,55,0.476,1.0,37.9,가능,83.7,77.4,1.0,-3.3,111,1.52,79.2,85.9,78.8,100.0
84,S175,T형,'T' 자 / 회전 60°,683.3,55,0.539,1.61,38.3,가능,83.7,77.6,1.0,-3.3,111,1.57,79.2,85.5,79.5,100.0
85,S145,V(<)형,'<' 벌림 140° / 회전 180°,683.3,55,0.507,3.02,21.1,가능,83.7,78.8,1.0,-2.8,111,1.58,80.7,85.9,76.8,100.0
86,S133,V(<)형,'<' 벌림 120° / 회전 180°,683.3,55,0.439,2.39,25.5,가능,83.7,78.8,1.0,-2.8,111,1.6,80.7,85.9,76.8,100.0
87,S040,직사각형,직사각형 2.5:1 / 회전 30°,683.3,55,1.0,2.5,44.1,가능,83.4,78.1,0.7,-5.2,113,1.54,78.8,83.5,82.1,100.0
88,S041,직사각형,직사각형 2.5:1 / 회전 45°,683.3,55,1.0,2.5,40.9,가능,83.1,77.2,0.4,-4.4,115,1.62,78.8,84.3,79.5,100.0
89,S058,직사각형,직사각형 3:1 / 회전 120°,683.3,55,1.0,3.0,35.7,가능,83.2,78.8,0.6,-2.8,114,1.56,80.7,85.9,74.8,100.0
90,S067,직사각형,직사각형 4:1 / 회전 75°,683.3,55,1.0,4.0,26.2,가능,82.9,78.5,0.3,-2.8,116,1.67,79.7,85.9,74.8,100.0
91,S112,타원,타원 2.4:1 / 회전 135°,683.3,55,0.784,2.4,35.1,가능,83.1,78.8,0.4,-2.8,115,1.56,80.2,85.9,74.8,100.0
92,S183,T형,'T' 자 / 회전 300°,683.3,55,0.539,1.61,38.3,가능,82.9,77.9,0.3,-2.8,116,1.5,79.7,85.9,74.8,100.0
93,S156,V(<)형,'<' 벌림 160° / 회전 180°,683.3,55,0.654,3.99,16.2,가능,83.4,78.7,0.7,-2.8,113,1.63,80.2,85.9,76.2,100.0
94,S140,V(<)형,'<' 벌림 140° / 회전 30°,683.3,55,0.507,3.02,38.9,가능,83.1,78.5,0.4,-2.8,115,1.49,80.2,85.9,74.8,100.0
95,S025,직사각형,직사각형 1.5:1 / 회전 165°,683.3,55,1.0,1.5,36.4,가능,82.8,76.3,0.1,-3.8,117,1.58,78.8,85.9,75.5,100.0
96,S054,직사각형,직사각형 3:1 / 회전 60°,683.3,55,1.0,3.0,35.7,가능,82.8,76.9,0.1,-3.8,117,1.66,78.8,85.5,76.2,100.0
97,S070,직사각형,직사각형 4:1 / 회전 120°,683.3,55,1.0,4.0,37.5,가능,82.5,78.1,-0.1,-2.8,119,1.6,80.7,85.9,71.5,100.0
98,S105,타원,타원 2.4:1 / 회전 30°,683.3,55,0.784,2.4,40.7,가능,82.6,76.9,0.0,-5.2,118,1.63,78.3,83.5,79.5,100.0
99,S165,L(ㄱ)형,'ㄱ' 직각 / 회전 120°,683.3,55,0.476,1.0,35.6,가능,82.6,77.9,0.0,-2.8,118,1.67,79.7,85.9,73.5,100.0
100,S024,직사각형,직사각형 1.5:1 / 회전 150°,683.3,55,1.0,1.5,38.4,가능,82.1,76.3,-0.6,-3.8,122,1.63,78.8,85.9,72.2,100.0
101,S035,직사각형,직사각형 2:1 / 회전 135°,683.3,55,1.0,2.0,39.2,가능,82.2,76.8,-0.4,-3.3,121,1.63,79.2,85.9,72.2,100.0
102,S053,직사각형,직사각형 3:1 / 회전 45°,683.3,55,1.0,3.0,42.7,가능,81.9,76.2,-0.7,-5.2,123,1.68,78.3,83.5,76.2,100.0
103,S166,L(ㄱ)형,'ㄱ' 직각 / 회전 150°,683.3,55,0.476,1.0,35.6,가능,82.4,77.2,-0.3,-2.8,120,1.58,79.7,85.9,72.2,100.0
104,S115,V(<)형,'<' 벌림 90° / 회전 0°,683.3,55,0.476,1.0,30.7,가능,82.2,76.0,-0.4,-3.3,121,1.57,79.2,85.9,72.2,100.0
105,S116,V(<)형,'<' 벌림 90° / 회전 30°,683.3,55,0.476,1.0,38.0,가능,82.1,76.3,-0.6,-3.8,122,1.64,78.8,85.9,72.2,100.0
106,S172,L(ㄱ)형,'ㄱ' 직각 / 회전 330°,683.3,55,0.476,1.0,35.6,가능,82.1,76.5,-0.6,-3.8,122,1.57,78.8,85.9,72.2,100.0
107,S174,T형,'T' 자 / 회전 30°,683.3,55,0.539,1.61,44.6,가능,82.1,76.2,-0.6,-5.2,122,1.67,78.3,83.5,76.8,100.0
108,S128,V(<)형,'<' 벌림 120° / 회전 30°,683.3,55,0.439,2.39,36.0,가능,82.1,77.4,-0.6,-3.8,122,1.64,78.8,85.9,72.2,100.0
109,S026,직사각형,직사각형 2:1 / 회전 0°,683.3,55,1.0,2.0,37.0,가능,81.6,74.9,-1.0,-3.8,125,1.68,78.8,85.9,70.2,100.0
110,S117,V(<)형,'<' 벌림 90° / 회전 60°,683.3,55,0.476,1.0,46.4,가능,81.8,75.6,-0.9,-4.4,124,1.53,79.7,84.3,72.2,100.0
111,S170,L(ㄱ)형,'ㄱ' 직각 / 회전 270°,683.3,55,0.476,1.0,37.9,가능,81.6,76.8,-1.0,-5.2,125,1.71,78.3,83.5,74.8,100.0
112,S171,L(ㄱ)형,'ㄱ' 직각 / 회전 300°,683.3,55,0.476,1.0,35.6,가능,81.5,75.9,-1.2,-3.3,126,1.63,79.2,85.9,68.9,100.0
113,S146,V(<)형,'<' 벌림 140° / 회전 210°,683.3,55,0.507,3.02,38.9,가능,81.5,76.2,-1.2,-3.3,126,1.56,79.2,85.9,68.9,100.0
114,S186,Y형,'Y' 자 / 회전 30°,683.3,55,0.35,1.15,41.1,가능,81.8,75.6,-0.9,-4.4,124,1.65,78.8,84.3,73.5,100.0
115,S190,Y형,'Y' 자 / 회전 150°,683.3,55,0.35,1.15,41.1,가능,81.8,75.6,-0.9,-4.4,124,1.65,78.8,84.3,73.5,100.0
116,S194,Y형,'Y' 자 / 회전 270°,683.3,55,0.35,1.15,41.1,가능,81.8,75.6,-0.9,-4.4,124,1.65,78.8,84.3,73.5,100.0
117,S036,직사각형,직사각형 2:1 / 회전 150°,683.3,55,1.0,2.0,41.3,가능,81.3,75.4,-1.3,-3.8,127,1.63,78.8,85.9,68.9,100.0
118,S047,직사각형,직사각형 2.5:1 / 회전 135°,683.3,55,1.0,2.5,40.9,가능,81.3,75.9,-1.3,-3.8,127,1.67,78.8,85.9,68.9,100.0
119,S059,직사각형,직사각형 3:1 / 회전 135°,683.3,55,1.0,3.0,42.7,가능,81.2,75.4,-1.5,-4.2,128,1.66,78.3,85.9,68.9,100.0
120,S066,직사각형,직사각형 4:1 / 회전 60°,683.3,55,1.0,4.0,37.5,가능,81.3,75.9,-1.3,-4.2,127,1.71,78.3,84.7,71.5,100.0
121,S113,타원,타원 2.4:1 / 회전 150°,683.3,55,0.784,2.4,40.7,가능,81.3,75.9,-1.3,-3.8,127,1.67,78.8,85.9,68.9,100.0
122,S114,타원,타원 2.4:1 / 회전 165°,683.3,55,0.784,2.4,44.5,가능,81.3,75.4,-1.3,-3.8,127,1.61,78.8,85.9,68.9,100.0
123,S178,T형,'T' 자 / 회전 150°,683.3,55,0.539,1.61,44.6,가능,81.0,74.7,-1.6,-4.2,129,1.63,78.3,85.5,68.9,100.0
124,S134,V(<)형,'<' 벌림 120° / 회전 210°,683.3,55,0.439,2.39,36.0,가능,81.3,76.2,-1.3,-3.8,127,1.57,78.8,85.9,68.9,100.0
125,S138,V(<)형,'<' 벌림 120° / 회전 330°,683.3,55,0.439,2.39,36.0,가능,81.3,76.3,-1.3,-4.4,127,1.75,78.3,84.3,72.2,100.0
126,S039,직사각형,직사각형 2.5:1 / 회전 15°,683.3,55,1.0,2.5,44.2,가능,80.6,73.8,-2.1,-3.8,132,1.68,78.8,85.1,66.9,100.0
127,S048,직사각형,직사각형 2.5:1 / 회전 150°,683.3,55,1.0,2.5,44.1,가능,80.6,74.6,-2.1,-4.2,132,1.68,78.3,85.9,66.2,100.0
128,S071,직사각형,직사각형 4:1 / 회전 135°,683.3,55,1.0,4.0,46.2,가능,80.9,75.4,-1.8,-4.2,130,1.63,78.3,85.1,68.9,100.0
129,S065,직사각형,직사각형 4:1 / 회전 45°,683.3,55,1.0,4.0,46.2,가능,80.4,74.1,-2.2,-5.2,133,1.7,78.8,83.5,68.9,100.0
130,S104,타원,타원 2.4:1 / 회전 15°,683.3,55,0.784,2.4,44.5,가능,80.7,74.0,-1.9,-4.7,131,1.72,77.8,84.3,70.2,100.0
131,S197,십자형,'+' 십자 / 회전 0°,683.3,55,0.553,1.0,40.0,가능,80.9,74.0,-1.8,-3.8,130,1.7,78.8,85.9,66.9,100.0
132,S198,십자형,'+' 십자 / 회전 45°,683.3,55,0.553,1.0,35.2,가능,80.9,74.4,-1.8,-3.8,130,1.68,78.8,85.9,66.9,100.0
133,S122,V(<)형,'<' 벌림 90° / 회전 210°,683.3,55,0.476,1.0,38.0,가능,80.9,74.7,-1.8,-4.2,130,1.64,78.3,85.1,68.9,100.0
134,S037,직사각형,직사각형 2:1 / 회전 165°,683.3,55,1.0,2.0,40.5,가능,80.1,73.2,-2.5,-3.8,135,1.73,78.8,85.9,63.6,100.0
135,S038,직사각형,직사각형 2.5:1 / 회전 0°,683.3,55,1.0,2.5,41.3,가능,80.0,73.1,-2.6,-3.8,136,1.69,78.8,85.5,63.6,100.0
136,S177,T형,'T' 자 / 회전 120°,683.3,55,0.539,1.61,38.3,가능,80.3,74.9,-2.4,-3.3,134,1.81,79.2,85.9,63.6,100.0
137,S176,T형,'T' 자 / 회전 90°,683.3,55,0.539,1.61,28.1,가능,80.1,74.1,-2.5,-3.8,135,1.69,78.8,85.9,63.6,100.0
138,S181,T형,'T' 자 / 회전 240°,683.3,55,0.539,1.61,38.3,가능,80.1,73.8,-2.5,-3.8,135,1.7,78.8,85.9,63.6,100.0
139,S129,V(<)형,'<' 벌림 120° / 회전 60°,683.3,55,0.439,2.39,52.9,가능,80.3,73.2,-2.4,-5.2,134,1.5,78.3,83.5,68.9,100.0
140,S049,직사각형,직사각형 2.5:1 / 회전 165°,683.3,55,1.0,2.5,44.2,가능,79.9,72.9,-2.8,-4.2,137,1.71,78.3,85.5,63.6,100.0
141,S050,직사각형,직사각형 3:1 / 회전 0°,683.3,55,1.0,3.0,45.3,가능,79.7,72.4,-2.9,-4.7,138,1.68,77.8,85.5,63.6,100.0
142,S060,직사각형,직사각형 3:1 / 회전 150°,683.3,55,1.0,3.0,46.8,가능,79.7,73.1,-2.9,-4.2,138,1.73,78.3,85.1,63.6,100.0
143,S052,직사각형,직사각형 3:1 / 회전 30°,683.3,55,1.0,3.0,46.8,가능,79.6,73.7,-3.1,-5.2,139,1.78,77.4,83.5,66.9,100.0
144,S072,직사각형,직사각형 4:1 / 회전 150°,683.3,55,1.0,4.0,51.8,가능,79.4,71.9,-3.2,-5.2,140,1.68,77.4,85.1,63.6,100.0
145,S103,타원,타원 2.4:1 / 회전 0°,683.3,55,0.784,2.4,45.8,가능,79.6,72.6,-3.1,-4.4,139,1.73,78.8,84.3,63.6,100.0
146,S167,L(ㄱ)형,'ㄱ' 직각 / 회전 180°,683.3,55,0.476,1.0,37.9,가능,79.7,73.5,-2.9,-5.2,138,1.71,77.4,85.9,63.6,100.0
147,S120,V(<)형,'<' 벌림 90° / 회전 150°,683.3,55,0.476,1.0,38.0,가능,79.4,73.1,-3.2,-4.6,140,1.77,78.8,85.9,60.3,100.0
148,S162,L(ㄱ)형,'ㄱ' 직각 / 회전 30°,683.3,55,0.476,1.0,51.8,가능,79.4,73.4,-3.2,-5.2,140,1.67,77.4,83.5,66.2,100.0
149,S173,T형,'T' 자 / 회전 0°,683.3,55,0.539,1.61,45.2,가능,79.7,72.6,-2.9,-4.7,138,1.71,77.8,85.5,63.6,100.0
150,S184,T형,'T' 자 / 회전 330°,683.3,55,0.539,1.61,44.6,가능,79.4,72.8,-3.2,-5.2,140,1.72,77.4,85.1,63.6,100.0
151,S187,Y형,'Y' 자 / 회전 60°,683.3,55,0.35,1.15,47.5,가능,79.4,72.9,-3.2,-5.2,140,1.67,77.4,85.5,62.9,100.0
152,S191,Y형,'Y' 자 / 회전 180°,683.3,55,0.35,1.15,47.5,가능,79.4,72.9,-3.2,-5.2,140,1.67,77.4,85.5,62.9,100.0
153,S195,Y형,'Y' 자 / 회전 300°,683.3,55,0.35,1.15,47.5,가능,79.4,72.9,-3.2,-5.2,140,1.67,77.4,85.5,62.9,100.0
154,S061,직사각형,직사각형 3:1 / 회전 165°,683.3,55,1.0,3.0,47.6,가능,79.3,71.8,-3.4,-5.2,141,1.72,77.4,84.7,63.6,100.0
155,S123,V(<)형,'<' 벌림 90° / 회전 240°,683.3,55,0.476,1.0,46.4,가능,79.1,73.4,-3.5,-4.7,142,1.72,77.8,85.9,60.3,100.0
156,S180,T형,'T' 자 / 회전 210°,683.3,55,0.539,1.61,44.6,가능,79.3,73.2,-3.4,-4.6,141,1.72,78.8,85.5,60.3,100.0
157,S150,V(<)형,'<' 벌림 140° / 회전 330°,683.3,55,0.507,3.02,38.9,가능,79.1,73.4,-3.5,-4.4,142,1.86,78.3,84.3,62.3,100.0
158,S051,직사각형,직사각형 3:1 / 회전 15°,683.3,55,1.0,3.0,47.6,가능,78.5,72.1,-4.1,-4.7,146,1.77,77.8,84.3,60.3,100.0
159,S118,V(<)형,'<' 벌림 90° / 회전 90°,683.3,55,0.476,1.0,53.6,가능,77.9,71.6,-4.7,-5.3,150,1.75,77.4,83.5,59.6,100.0
160,S179,T형,'T' 자 / 회전 180°,683.3,55,0.539,1.61,45.2,가능,78.4,71.9,-4.3,-5.2,147,1.77,77.4,84.3,60.3,100.0
161,S141,V(<)형,'<' 벌림 140° / 회전 60°,683.3,55,0.507,3.02,57.1,가능,78.4,70.6,-4.3,-6.0,147,1.62,77.4,82.7,62.9,100.0
162,S135,V(<)형,'<' 벌림 120° / 회전 240°,683.3,55,0.439,2.39,52.9,가능,78.1,71.8,-4.6,-6.6,149,1.79,76.9,85.1,58.3,100.0
163,S064,직사각형,직사각형 4:1 / 회전 30°,683.3,55,1.0,4.0,51.8,가능,77.8,71.6,-4.9,-6.6,151,1.81,77.8,83.5,58.3,100.0
164,S124,V(<)형,'<' 벌림 90° / 회전 270°,683.3,55,0.476,1.0,53.6,가능,77.6,70.0,-5.0,-6.6,152,1.86,76.4,84.3,58.3,100.0
165,S152,V(<)형,'<' 벌림 160° / 회전 60°,683.3,55,0.654,3.99,59.6,가능,77.6,69.3,-5.0,-6.8,152,1.7,75.9,81.9,62.9,100.0
166,S157,V(<)형,'<' 벌림 160° / 회전 240°,683.3,55,0.654,3.99,59.6,가능,77.6,69.4,-5.0,-6.6,152,1.74,75.9,83.5,60.3,100.0
167,S147,V(<)형,'<' 벌림 140° / 회전 240°,683.3,55,0.507,3.02,57.1,가능,77.8,69.6,-4.9,-6.6,151,1.78,75.9,83.5,60.9,100.0
168,S185,Y형,'Y' 자 / 회전 0°,683.3,55,0.35,1.15,47.5,가능,77.6,71.3,-5.0,-9.3,152,1.88,77.4,85.1,55.6,100.0
169,S189,Y형,'Y' 자 / 회전 120°,683.3,55,0.35,1.15,47.5,가능,77.6,71.3,-5.0,-9.3,152,1.88,77.4,85.1,55.6,100.0
170,S193,Y형,'Y' 자 / 회전 240°,683.3,55,0.35,1.15,47.5,가능,77.6,71.3,-5.0,-9.3,152,1.88,77.4,85.1,55.6,100.0
171,S073,직사각형,직사각형 4:1 / 회전 165°,683.3,55,1.0,4.0,53.9,가능,77.1,69.7,-5.6,-8.6,156,1.81,76.9,83.5,56.3,100.0
172,S168,L(ㄱ)형,'ㄱ' 직각 / 회전 210°,683.3,55,0.476,1.0,51.8,가능,77.4,70.3,-5.3,-7.3,154,1.9,75.9,84.3,57.6,100.0
173,S125,V(<)형,'<' 벌림 90° / 회전 300°,683.3,55,0.476,1.0,46.4,가능,77.2,71.3,-5.4,-8.6,155,1.9,77.4,83.5,56.3,100.0
174,S163,L(ㄱ)형,'ㄱ' 직각 / 회전 60°,683.3,55,0.476,1.0,51.8,가능,76.9,69.9,-5.7,-6.6,157,1.81,76.4,82.3,58.3,100.0
175,S164,L(ㄱ)형,'ㄱ' 직각 / 회전 90°,683.3,55,0.476,1.0,37.9,가능,76.9,71.0,-5.7,-13.2,157,1.9,76.9,85.9,51.7,100.0
176,S188,Y형,'Y' 자 / 회전 90°,683.3,55,0.35,1.15,41.1,가능,76.9,70.4,-5.7,-12.6,157,1.84,77.4,85.1,52.3,100.0
177,S192,Y형,'Y' 자 / 회전 210°,683.3,55,0.35,1.15,41.1,가능,76.9,70.4,-5.7,-12.6,157,1.84,77.4,85.1,52.3,100.0
178,S196,Y형,'Y' 자 / 회전 330°,683.3,55,0.35,1.15,41.1,가능,76.9,70.4,-5.7,-12.6,157,1.84,77.4,85.1,52.3,100.0
179,S132,V(<)형,'<' 벌림 120° / 회전 150°,683.3,55,0.439,2.39,36.0,가능,77.4,71.9,-5.3,-13.2,154,1.89,78.3,85.9,51.7,100.0
180,S160,V(<)형,'<' 벌림 160° / 회전 330°,683.3,55,0.654,3.99,40.6,가능,76.5,71.0,-6.2,-13.2,160,1.87,78.3,83.5,51.7,100.0
181,S144,V(<)형,'<' 벌림 140° / 회전 150°,683.3,55,0.507,3.02,38.9,가능,76.5,71.6,-6.2,-15.9,160,1.9,78.8,84.7,49.0,100.0
182,S169,L(ㄱ)형,'ㄱ' 직각 / 회전 240°,683.3,55,0.476,1.0,51.8,가능,76.3,69.4,-6.3,-9.3,161,1.89,76.4,82.3,55.6,100.0
183,S155,V(<)형,'<' 벌림 160° / 회전 150°,683.3,55,0.654,3.99,40.6,가능,76.2,70.7,-6.5,-16.6,162,1.89,78.8,84.3,48.3,100.0
184,S062,직사각형,직사각형 4:1 / 회전 0°,683.3,55,1.0,4.0,52.3,가능,75.6,68.8,-7.1,-12.6,166,1.89,76.4,82.3,52.3,100.0
185,S063,직사각형,직사각형 4:1 / 회전 15°,683.3,55,1.0,4.0,53.9,가능,75.4,69.3,-7.2,-13.2,167,1.9,76.4,82.3,51.7,100.0
186,S119,V(<)형,'<' 벌림 90° / 회전 120°,683.3,55,0.476,1.0,46.4,가능,75.9,69.9,-6.8,-13.2,164,1.89,76.4,83.5,51.7,100.0
187,S130,V(<)형,'<' 벌림 120° / 회전 90°,683.3,55,0.439,2.39,61.0,가능,75.4,68.1,-7.2,-13.2,167,1.84,76.4,82.3,51.7,100.0
188,S154,V(<)형,'<' 벌림 160° / 회전 120°,683.3,55,0.654,3.99,59.6,가능,75.1,68.2,-7.5,-16.6,169,1.88,77.4,82.7,48.3,100.0
189,S143,V(<)형,'<' 벌림 140° / 회전 120°,683.3,55,0.507,3.02,57.1,가능,75.0,67.9,-7.6,-16.6,170,1.88,76.4,83.1,48.3,100.0
190,S137,V(<)형,'<' 벌림 120° / 회전 300°,683.3,55,0.439,2.39,52.9,가능,75.3,69.1,-7.4,-15.9,168,1.91,76.4,83.5,49.0,100.0
191,S136,V(<)형,'<' 벌림 120° / 회전 270°,683.3,55,0.439,2.39,61.0,가능,75.0,67.2,-7.6,-13.2,170,1.86,75.9,81.5,51.7,100.0
192,S142,V(<)형,'<' 벌림 140° / 회전 90°,683.3,55,0.507,3.02,63.8,가능,74.4,67.2,-8.2,-15.9,174,1.83,76.4,81.1,49.0,100.0
193,S131,V(<)형,'<' 벌림 120° / 회전 120°,683.3,55,0.439,2.39,52.9,가능,74.9,68.7,-7.8,-16.6,171,1.9,76.4,82.7,48.3,100.0
194,S153,V(<)형,'<' 벌림 160° / 회전 90°,683.3,55,0.654,3.99,64.5,가능,73.5,65.9,-9.1,-19.2,180,1.85,75.9,81.1,45.7,100.0
195,S148,V(<)형,'<' 벌림 140° / 회전 270°,683.3,55,0.507,3.02,63.8,가능,73.2,65.7,-9.4,-19.2,182,1.9,75.9,80.3,45.7,100.0
196,S159,V(<)형,'<' 벌림 160° / 회전 300°,683.3,55,0.654,3.99,59.6,가능,72.6,65.9,-10.0,-26.5,186,1.95,76.9,82.3,38.4,100.0
197,S149,V(<)형,'<' 벌림 140° / 회전 300°,683.3,55,0.507,3.02,57.1,가능,72.8,66.9,-9.9,-26.5,185,1.96,76.4,83.1,38.4,100.0
198,S158,V(<)형,'<' 벌림 160° / 회전 270°,683.3,55,0.654,3.99,64.5,가능,72.2,64.3,-10.4,-23.2,189,1.91,75.9,79.9,41.7,100.0
