학교,층,X,Y,Z,창면방위,현황_연속h,현황_총h,현황_충족,신축_연속h,신축_총h,신축_충족,총h변화
40-1 여의도중학교,1,194352.16,547094.58,1.2,129.8,5.33,5.33,충족,5.33,5.33,충족,0.0
40-1 여의도중학교,2,194352.16,547094.58,4.7,129.8,5.5,5.5,충족,5.5,5.5,충족,0.0
40-1 여의도중학교,3,194352.16,547094.58,8.2,129.8,5.5,5.5,충족,5.5,5.5,충족,0.0
40-1 여의도중학교,4,194352.16,547094.58,11.7,129.8,5.67,5.67,충족,5.67,5.67,충족,0.0
40-1 여의도중학교,1,194349.38,547091.56,1.2,93.0,3.83,3.83,충족,3.83,3.83,충족,0.0
40-1 여의도중학교,2,194349.38,547091.56,4.7,93.0,4.0,4.0,충족,4.0,4.0,충족,0.0
40-1 여의도중학교,3,194349.38,547091.56,8.2,93.0,4.0,4.0,충족,4.0,4.0,충족,0.0
40-1 여의도중학교,4,194349.38,547091.56,11.7,93.0,4.17,4.17,충족,4.17,4.17,충족,0.0
40-1 여의도중학교,1,194348.58,547086.47,1.2,105.5,4.67,4.67,충족,4.67,4.67,충족,0.0
40-1 여의도중학교,2,194348.58,547086.47,4.7,105.5,4.83,4.83,충족,4.83,4.83,충족,0.0
40-1 여의도중학교,3,194348.58,547086.47,8.2,105.5,4.83,4.83,충족,4.83,4.83,충족,0.0
40-1 여의도중학교,4,194348.58,547086.47,11.7,105.5,5.0,5.0,충족,5.0,5.0,충족,0.0
40-1 여의도중학교,1,194347.02,547081.58,1.2,110.7,4.5,4.83,충족,4.5,4.83,충족,0.0
40-1 여의도중학교,2,194347.02,547081.58,4.7,110.7,5.17,5.17,충족,5.17,5.17,충족,0.0
40-1 여의도중학교,3,194347.02,547081.58,8.2,110.7,5.33,5.33,충족,5.33,5.33,충족,0.0
40-1 여의도중학교,4,194347.02,547081.58,11.7,110.7,5.33,5.33,충족,5.33,5.33,충족,0.0
40-1 여의도중학교,1,194344.72,547076.98,1.2,120.1,5.17,5.17,충족,5.17,5.17,충족,0.0
40-1 여의도중학교,2,194344.72,547076.98,4.7,120.1,5.33,5.67,충족,5.33,5.67,충족,0.0
40-1 여의도중학교,3,194344.72,547076.98,8.2,120.1,6.0,6.0,충족,6.0,6.0,충족,0.0
40-1 여의도중학교,4,194344.72,547076.98,11.7,120.1,6.0,6.0,충족,6.0,6.0,충족,0.0
40-1 여의도중학교,1,194341.4,547073.0,1.2,135.8,5.33,5.33,충족,5.33,5.33,충족,0.0
40-1 여의도중학교,2,194341.4,547073.0,4.7,135.8,6.0,6.17,충족,5.67,5.83,충족,-0.34
40-1 여의도중학교,3,194341.4,547073.0,8.2,135.8,6.67,7.0,충족,5.83,6.33,충족,-0.67
40-1 여의도중학교,4,194341.4,547073.0,11.7,135.8,7.17,7.17,충족,6.33,6.5,충족,-0.67
40-1 여의도중학교,1,194337.65,547069.51,1.2,139.3,4.33,4.83,충족,4.33,4.83,충족,0.0
40-1 여의도중학교,2,194337.65,547069.51,4.7,139.3,5.67,5.67,충족,5.67,5.67,충족,0.0
40-1 여의도중학교,3,194337.65,547069.51,8.2,139.3,6.33,6.5,충족,5.83,6.0,충족,-0.5
40-1 여의도중학교,4,194337.65,547069.51,11.7,139.3,7.17,7.5,충족,6.0,6.83,충족,-0.67
40-1 여의도중학교,1,194333.79,547066.18,1.2,139.3,4.17,4.5,충족,4.17,4.5,충족,0.0
40-1 여의도중학교,2,194333.79,547066.18,4.7,139.3,5.33,5.33,충족,5.33,5.33,충족,0.0
40-1 여의도중학교,3,194333.79,547066.18,8.2,139.3,6.0,6.0,충족,5.67,5.67,충족,-0.33
40-1 여의도중학교,4,194333.79,547066.18,11.7,139.3,7.0,7.17,충족,5.83,6.33,충족,-0.84
40-1 여의도중학교,1,194329.93,547062.85,1.2,139.3,3.83,4.0,충족,3.83,4.0,충족,0.0
40-1 여의도중학교,2,194329.93,547062.85,4.7,139.3,4.83,4.83,충족,4.83,4.83,충족,0.0
40-1 여의도중학교,3,194329.93,547062.85,8.2,139.3,5.83,5.83,충족,5.83,5.83,충족,0.0
40-1 여의도중학교,4,194329.93,547062.85,11.7,139.3,6.67,6.67,충족,5.83,5.83,충족,-0.84
40-1 여의도중학교,1,194325.89,547059.7,1.2,142.4,3.33,3.33,충족,3.33,3.33,충족,0.0
40-1 여의도중학교,2,194325.89,547059.7,4.7,142.4,3.83,4.0,충족,3.83,4.0,충족,0.0
40-1 여의도중학교,3,194325.89,547059.7,8.2,142.4,5.17,5.17,충족,5.17,5.17,충족,0.0
40-1 여의도중학교,4,194325.89,547059.7,11.7,142.4,6.33,6.33,충족,6.0,6.0,충족,-0.33
40-1 여의도중학교,1,194321.85,547056.59,1.2,142.4,2.83,2.83,충족,2.83,2.83,충족,0.0
40-1 여의도중학교,2,194321.85,547056.59,4.7,142.4,3.33,3.33,충족,3.33,3.33,충족,0.0
40-1 여의도중학교,3,194321.85,547056.59,8.2,142.4,4.5,4.5,충족,4.5,4.5,충족,0.0
40-1 여의도중학교,4,194321.85,547056.59,11.7,142.4,5.5,5.5,충족,5.5,5.5,충족,0.0
40-1 여의도중학교,1,194317.34,547054.22,1.2,230.3,1.5,1.5,불충족,1.5,1.5,불충족,0.0
40-1 여의도중학교,2,194317.34,547054.22,4.7,230.3,1.67,1.67,불충족,1.67,1.67,불충족,0.0
40-1 여의도중학교,3,194317.34,547054.22,8.2,230.3,1.83,1.83,불충족,1.83,1.83,불충족,0.0
40-1 여의도중학교,4,194317.34,547054.22,11.7,230.3,3.0,3.0,충족,3.0,3.0,충족,0.0
40-1 여의도중학교,1,194314.09,547058.14,1.2,230.3,1.5,1.5,불충족,1.5,1.5,불충족,0.0
40-1 여의도중학교,2,194314.09,547058.14,4.7,230.3,1.5,1.5,불충족,1.5,1.5,불충족,0.0
40-1 여의도중학교,3,194314.09,547058.14,8.2,230.3,2.0,2.0,충족,2.0,2.0,충족,0.0
40-1 여의도중학교,4,194314.09,547058.14,11.7,230.3,3.0,3.0,충족,3.0,3.0,충족,0.0
40-1 여의도중학교,1,194310.84,547062.07,1.2,230.3,1.33,1.67,불충족,1.33,1.33,불충족,-0.34
40-1 여의도중학교,2,194310.84,547062.07,4.7,230.3,1.33,1.67,불충족,1.33,1.33,불충족,-0.34
40-1 여의도중학교,3,194310.84,547062.07,8.2,230.3,1.83,2.33,불충족,1.83,1.83,불충족,-0.5
40-1 여의도중학교,4,194310.84,547062.07,11.7,230.3,2.83,4.33,충족,2.83,3.33,충족,-1.0
40-1 여의도중학교,1,194332.57,547083.98,1.2,249.5,0.0,0.0,불충족,0.0,0.0,불충족,0.0
40-1 여의도중학교,2,194332.57,547083.98,4.7,249.5,0.0,0.0,불충족,0.0,0.0,불충족,0.0
40-1 여의도중학교,3,194332.57,547083.98,8.2,249.5,0.0,0.0,불충족,0.0,0.0,불충족,0.0
40-1 여의도중학교,4,194332.57,547083.98,11.7,249.5,0.0,0.0,불충족,0.0,0.0,불충족,0.0
40-1 여의도중학교,1,194331.15,547088.94,1.2,262.0,0.5,0.5,불충족,0.0,0.0,불충족,-0.5
40-1 여의도중학교,2,194331.15,547088.94,4.7,262.0,0.5,0.5,불충족,0.0,0.0,불충족,-0.5
40-1 여의도중학교,3,194331.15,547088.94,8.2,262.0,0.83,0.83,불충족,0.33,0.33,불충족,-0.5
40-1 여의도중학교,4,194331.15,547088.94,11.7,262.0,3.17,3.17,충족,1.5,2.0,불충족,-1.17
40-1 여의도중학교,1,194329.5,547096.07,1.2,161.4,1.33,1.33,불충족,0.33,0.33,불충족,-1.0
40-1 여의도중학교,2,194329.5,547096.07,4.7,161.4,2.0,2.0,충족,0.33,0.5,불충족,-1.5
40-1 여의도중학교,3,194329.5,547096.07,8.2,161.4,4.0,4.0,충족,2.17,2.5,충족,-1.5
40-1 여의도중학교,4,194329.5,547096.07,11.7,161.4,4.5,4.5,충족,2.67,3.0,충족,-1.5
40-1 여의도중학교,1,194324.24,547096.51,1.2,200.4,2.0,2.0,충족,0.5,0.83,불충족,-1.17
40-1 여의도중학교,2,194324.24,547096.51,4.7,200.4,3.17,3.17,충족,1.33,1.83,불충족,-1.34
40-1 여의도중학교,3,194324.24,547096.51,8.2,200.4,5.0,5.0,충족,3.17,3.67,충족,-1.33
40-1 여의도중학교,4,194324.24,547096.51,11.7,200.4,6.17,6.17,충족,4.33,4.83,충족,-1.34
40-1 여의도중학교,1,194319.62,547098.81,1.2,217.2,3.17,3.17,충족,1.33,1.83,불충족,-1.34
40-1 여의도중학교,2,194319.62,547098.81,4.7,217.2,4.33,4.5,충족,2.33,3.17,충족,-1.33
40-1 여의도중학교,3,194319.62,547098.81,8.2,217.2,5.83,5.83,충족,3.83,4.5,충족,-1.33
40-1 여의도중학교,4,194319.62,547098.81,11.7,217.2,6.83,6.83,충족,4.83,5.5,충족,-1.33
40-1 여의도중학교,1,194316.15,547102.61,1.2,246.2,4.17,4.17,충족,2.33,3.0,충족,-1.17
40-1 여의도중학교,2,194316.15,547102.61,4.7,246.2,5.0,5.0,충족,3.0,3.83,충족,-1.17
40-1 여의도중학교,3,194316.15,547102.61,8.2,246.2,5.0,5.0,충족,3.0,3.83,충족,-1.17
40-1 여의도중학교,4,194316.15,547102.61,11.7,246.2,5.0,5.0,충족,3.0,4.0,충족,-1.0
40-1 여의도중학교,1,194314.44,547107.5,1.2,264.3,3.83,3.83,충족,1.67,2.5,불충족,-1.33
40-1 여의도중학교,2,194314.44,547107.5,4.7,264.3,3.83,3.83,충족,1.67,2.5,불충족,-1.33
40-1 여의도중학교,3,194314.44,547107.5,8.2,264.3,3.83,3.83,충족,1.67,2.5,불충족,-1.33
40-1 여의도중학교,4,194314.44,547107.5,11.7,264.3,3.83,3.83,충족,1.67,2.5,불충족,-1.33
40-1 여의도중학교,1,194349.38,547153.13,1.2,142.1,2.0,2.0,충족,2.0,2.0,충족,0.0
40-1 여의도중학교,2,194349.38,547153.13,4.7,142.1,2.0,2.0,충족,2.0,2.0,충족,0.0
40-1 여의도중학교,3,194349.38,547153.13,8.2,142.1,2.0,2.0,충족,2.0,2.0,충족,0.0
40-1 여의도중학교,4,194349.38,547153.13,11.7,142.1,2.17,2.5,충족,2.17,2.5,충족,0.0
40-1 여의도중학교,5,194349.38,547153.13,15.2,142.1,4.67,4.67,충족,4.67,4.67,충족,0.0
40-1 여의도중학교,1,194371.82,547113.36,1.2,140.6,4.17,5.5,충족,3.83,5.17,충족,-0.33
40-1 여의도중학교,2,194371.82,547113.36,4.7,140.6,7.5,7.5,충족,6.83,6.83,충족,-0.67
40-1 여의도중학교,3,194371.82,547113.36,8.2,140.6,7.83,7.83,충족,6.83,7.17,충족,-0.66
40-1 여의도중학교,4,194371.82,547113.36,11.7,140.6,8.17,8.17,충족,6.83,7.17,충족,-1.0
40-1 여의도중학교,5,194371.82,547113.36,15.2,140.6,8.17,8.17,충족,6.83,7.17,충족,-1.0
40-1 여의도중학교,1,194367.92,547110.16,1.2,140.6,4.0,4.0,충족,3.83,3.83,충족,-0.17
40-1 여의도중학교,2,194367.92,547110.16,4.7,140.6,6.17,6.33,충족,5.83,6.0,충족,-0.33
40-1 여의도중학교,3,194367.92,547110.16,8.2,140.6,7.67,7.67,충족,6.83,7.0,충족,-0.67
40-1 여의도중학교,4,194367.92,547110.16,11.7,140.6,8.17,8.17,충족,6.83,7.17,충족,-1.0
40-1 여의도중학교,5,194367.92,547110.16,15.2,140.6,8.17,8.17,충족,6.83,7.17,충족,-1.0
40-1 여의도중학교,1,194363.66,547109.08,1.2,230.8,4.17,4.17,충족,4.17,4.17,충족,0.0
40-1 여의도중학교,2,194363.66,547109.08,4.7,230.8,4.83,4.83,충족,4.83,4.83,충족,0.0
40-1 여의도중학교,3,194363.66,547109.08,8.2,230.8,5.33,5.33,충족,4.83,4.83,충족,-0.5
40-1 여의도중학교,4,194363.66,547109.08,11.7,230.8,5.83,5.83,충족,4.83,5.17,충족,-0.66
40-1 여의도중학교,5,194363.66,547109.08,15.2,230.8,6.17,6.17,충족,4.83,5.17,충족,-1.0
40-1 여의도중학교,1,194360.47,547113.0,1.2,230.8,4.17,4.17,충족,4.17,4.17,충족,0.0
40-1 여의도중학교,2,194360.47,547113.0,4.7,230.8,4.33,4.33,충족,4.33,4.33,충족,0.0
40-1 여의도중학교,3,194360.47,547113.0,8.2,230.8,4.5,4.5,충족,4.5,4.5,충족,0.0
40-1 여의도중학교,4,194360.47,547113.0,11.7,230.8,5.83,5.83,충족,4.67,5.0,충족,-0.83
40-1 여의도중학교,5,194360.47,547113.0,15.2,230.8,6.17,6.17,충족,4.67,5.0,충족,-1.17
40-1 여의도중학교,1,194357.28,547116.91,1.2,230.8,3.5,3.5,충족,3.5,3.5,충족,0.0
40-1 여의도중학교,2,194357.28,547116.91,4.7,230.8,3.5,3.5,충족,3.5,3.5,충족,0.0
40-1 여의도중학교,3,194357.28,547116.91,8.2,230.8,4.5,4.5,충족,4.5,4.5,충족,0.0
40-1 여의도중학교,4,194357.28,547116.91,11.7,230.8,5.5,5.5,충족,4.67,5.0,충족,-0.5
40-1 여의도중학교,5,194357.28,547116.91,15.2,230.8,6.17,6.17,충족,4.67,5.17,충족,-1.0
40-1 여의도중학교,1,194354.09,547120.82,1.2,230.8,3.0,3.0,충족,3.0,3.0,충족,0.0
40-1 여의도중학교,2,194354.09,547120.82,4.7,230.8,3.5,3.5,충족,3.5,3.5,충족,0.0
40-1 여의도중학교,3,194354.09,547120.82,8.2,230.8,4.17,4.17,충족,4.17,4.17,충족,0.0
40-1 여의도중학교,4,194354.09,547120.82,11.7,230.8,5.33,5.33,충족,4.5,4.67,충족,-0.66
40-1 여의도중학교,5,194354.09,547120.82,15.2,230.8,6.17,6.17,충족,4.5,4.83,충족,-1.34
40-1 여의도중학교,1,194350.9,547124.74,1.2,230.8,2.67,2.67,충족,2.67,2.67,충족,0.0
40-1 여의도중학교,2,194350.9,547124.74,4.7,230.8,3.17,3.17,충족,3.17,3.17,충족,0.0
40-1 여의도중학교,3,194350.9,547124.74,8.2,230.8,3.83,3.83,충족,3.83,3.83,충족,0.0
40-1 여의도중학교,4,194350.9,547124.74,11.7,230.8,5.17,5.17,충족,4.5,4.67,충족,-0.5
40-1 여의도중학교,5,194350.9,547124.74,15.2,230.8,6.17,6.17,충족,4.5,5.17,충족,-1.0
40-1 여의도중학교,1,194347.71,547128.65,1.2,230.8,2.5,2.5,충족,2.5,2.5,충족,0.0
40-1 여의도중학교,2,194347.71,547128.65,4.7,230.8,2.83,2.83,충족,2.83,2.83,충족,0.0
40-1 여의도중학교,3,194347.71,547128.65,8.2,230.8,3.67,3.67,충족,3.67,3.67,충족,0.0
40-1 여의도중학교,4,194347.71,547128.65,11.7,230.8,5.17,5.17,충족,4.33,4.5,충족,-0.67
40-1 여의도중학교,5,194347.71,547128.65,15.2,230.8,6.17,6.17,충족,4.5,5.0,충족,-1.17
40-1 여의도중학교,1,194344.52,547132.57,1.2,230.8,2.17,2.17,충족,2.17,2.17,충족,0.0
40-1 여의도중학교,2,194344.52,547132.57,4.7,230.8,2.5,2.5,충족,2.5,2.5,충족,0.0
40-1 여의도중학교,3,194344.52,547132.57,8.2,230.8,3.5,3.5,충족,3.5,3.5,충족,0.0
40-1 여의도중학교,4,194344.52,547132.57,11.7,230.8,5.33,5.33,충족,4.33,4.83,충족,-0.5
40-1 여의도중학교,5,194344.52,547132.57,15.2,230.8,6.17,6.17,충족,4.5,5.33,충족,-0.84
40-1 여의도중학교,1,194341.33,547136.48,1.2,230.8,2.0,2.0,충족,2.0,2.0,충족,0.0
40-1 여의도중학교,2,194341.33,547136.48,4.7,230.8,2.5,2.5,충족,2.5,2.5,충족,0.0
40-1 여의도중학교,3,194341.33,547136.48,8.2,230.8,3.83,3.83,충족,3.83,3.83,충족,0.0
40-1 여의도중학교,4,194341.33,547136.48,11.7,230.8,5.83,5.83,충족,4.33,4.83,충족,-1.0
40-1 여의도중학교,5,194341.33,547136.48,15.2,230.8,6.17,6.17,충족,4.5,5.33,충족,-0.84
40-1 여의도중학교,1,194338.14,547140.39,1.2,230.8,1.83,2.17,불충족,1.83,2.17,불충족,0.0
40-1 여의도중학교,2,194338.14,547140.39,4.7,230.8,2.5,2.83,충족,2.5,2.83,충족,0.0
40-1 여의도중학교,3,194338.14,547140.39,8.2,230.8,4.67,5.0,충족,4.33,4.67,충족,-0.33
40-1 여의도중학교,4,194338.14,547140.39,11.7,230.8,6.17,6.17,충족,4.33,5.33,충족,-0.84
40-1 여의도중학교,5,194338.14,547140.39,15.2,230.8,6.17,6.17,충족,4.5,5.5,충족,-0.67
40-1 여의도중학교,1,194334.95,547144.31,1.2,230.8,1.67,2.83,불충족,1.67,2.33,불충족,-0.5
40-1 여의도중학교,2,194334.95,547144.31,4.7,230.8,3.33,4.5,충족,3.33,4.0,충족,-0.5
40-1 여의도중학교,3,194334.95,547144.31,8.2,230.8,6.17,6.17,충족,4.33,5.33,충족,-0.84
40-1 여의도중학교,4,194334.95,547144.31,11.7,230.8,6.17,6.17,충족,4.33,5.33,충족,-0.84
40-1 여의도중학교,5,194334.95,547144.31,15.2,230.8,6.17,6.17,충족,4.5,5.5,충족,-0.67
40-1 여의도중학교,1,194331.76,547148.22,1.2,230.8,1.83,3.5,불충족,1.67,2.67,불충족,-0.83
40-1 여의도중학교,2,194331.76,547148.22,4.7,230.8,6.17,6.17,충족,4.17,5.17,충족,-1.0
40-1 여의도중학교,3,194331.76,547148.22,8.2,230.8,6.17,6.17,충족,4.33,5.33,충족,-0.84
40-1 여의도중학교,4,194331.76,547148.22,11.7,230.8,6.17,6.17,충족,4.33,5.33,충족,-0.84
40-1 여의도중학교,5,194331.76,547148.22,15.2,230.8,6.17,6.17,충족,5.0,5.67,충족,-0.5
40-1 여의도중학교,1,194328.57,547152.14,1.2,230.8,6.17,6.17,충족,4.17,5.17,충족,-1.0
40-1 여의도중학교,2,194328.57,547152.14,4.7,230.8,6.17,6.17,충족,4.17,5.17,충족,-1.0
40-1 여의도중학교,3,194328.57,547152.14,8.2,230.8,6.17,6.17,충족,4.33,5.33,충족,-0.84
40-1 여의도중학교,4,194328.57,547152.14,11.7,230.8,6.17,6.17,충족,4.33,5.33,충족,-0.84
40-1 여의도중학교,5,194328.57,547152.14,15.2,230.8,6.17,6.17,충족,5.0,5.5,충족,-0.67
40-1 여의도중학교,1,194325.38,547156.05,1.2,230.8,6.17,6.17,충족,4.17,5.17,충족,-1.0
40-1 여의도중학교,2,194325.38,547156.05,4.7,230.8,6.17,6.17,충족,4.17,5.17,충족,-1.0
40-1 여의도중학교,3,194325.38,547156.05,8.2,230.8,6.17,6.17,충족,5.0,5.5,충족,-0.67
40-1 여의도중학교,4,194325.38,547156.05,11.7,230.8,6.17,6.17,충족,5.0,5.5,충족,-0.67
40-1 여의도중학교,5,194325.38,547156.05,15.2,230.8,6.17,6.17,충족,5.0,5.5,충족,-0.67
40-1 여의도중학교,1,194322.19,547159.96,1.2,230.8,6.17,6.17,충족,4.17,5.17,충족,-1.0
40-1 여의도중학교,2,194322.19,547159.96,4.7,230.8,6.17,6.17,충족,4.17,5.17,충족,-1.0
40-1 여의도중학교,3,194322.19,547159.96,8.2,230.8,6.17,6.17,충족,4.83,5.33,충족,-0.84
40-1 여의도중학교,4,194322.19,547159.96,11.7,230.8,6.17,6.17,충족,5.0,5.5,충족,-0.67
40-1 여의도중학교,5,194322.19,547159.96,15.2,230.8,6.17,6.17,충족,5.0,5.5,충족,-0.67
40-1 여의도중학교,1,194319.0,547163.88,1.2,230.8,6.17,6.17,충족,4.17,5.0,충족,-1.17
40-1 여의도중학교,2,194319.0,547163.88,4.7,230.8,6.17,6.17,충족,4.83,5.17,충족,-1.0
40-1 여의도중학교,3,194319.0,547163.88,8.2,230.8,6.17,6.17,충족,4.83,5.17,충족,-1.0
40-1 여의도중학교,4,194319.0,547163.88,11.7,230.8,6.17,6.17,충족,5.0,5.33,충족,-0.84
40-1 여의도중학교,5,194319.0,547163.88,15.2,230.8,6.17,6.17,충족,5.0,5.33,충족,-0.84
40-1 여의도중학교,1,194315.81,547167.79,1.2,230.8,5.83,5.83,충족,4.67,5.0,충족,-0.83
40-1 여의도중학교,2,194315.81,547167.79,4.7,230.8,5.83,5.83,충족,4.83,5.17,충족,-0.66
40-1 여의도중학교,3,194315.81,547167.79,8.2,230.8,5.83,5.83,충족,4.83,5.17,충족,-0.66
40-1 여의도중학교,4,194315.81,547167.79,11.7,230.8,5.83,5.83,충족,4.83,5.17,충족,-0.66
40-1 여의도중학교,5,194315.81,547167.79,15.2,230.8,5.83,5.83,충족,5.0,5.33,충족,-0.5
40-1 여의도중학교,1,194312.62,547171.71,1.2,230.8,5.67,5.67,충족,4.67,5.0,충족,-0.67
40-1 여의도중학교,2,194312.62,547171.71,4.7,230.8,5.67,5.67,충족,4.83,5.17,충족,-0.5
40-1 여의도중학교,3,194312.62,547171.71,8.2,230.8,5.67,5.67,충족,4.83,5.17,충족,-0.5
40-1 여의도중학교,4,194312.62,547171.71,11.7,230.8,5.67,5.67,충족,4.83,5.17,충족,-0.5
40-1 여의도중학교,5,194312.62,547171.71,15.2,230.8,5.83,5.83,충족,5.0,5.33,충족,-0.5
40-1 여의도중학교,1,194309.43,547175.62,1.2,230.8,5.33,5.33,충족,4.67,5.0,충족,-0.33
40-1 여의도중학교,2,194309.43,547175.62,4.7,230.8,5.33,5.33,충족,4.67,5.0,충족,-0.33
40-1 여의도중학교,3,194309.43,547175.62,8.2,230.8,5.5,5.5,충족,4.83,5.17,충족,-0.33
40-1 여의도중학교,4,194309.43,547175.62,11.7,230.8,5.67,5.67,충족,4.83,5.17,충족,-0.5
40-1 여의도중학교,5,194309.43,547175.62,15.2,230.8,5.83,5.83,충족,5.33,5.33,충족,-0.5
40-1 여의도중학교,1,194306.24,547179.53,1.2,230.8,5.17,5.17,충족,4.67,4.83,충족,-0.34
40-1 여의도중학교,2,194306.24,547179.53,4.7,230.8,5.17,5.17,충족,4.67,4.83,충족,-0.34
40-1 여의도중학교,3,194306.24,547179.53,8.2,230.8,5.5,5.5,충족,4.83,5.17,충족,-0.33
40-1 여의도중학교,4,194306.24,547179.53,11.7,230.8,5.67,5.67,충족,5.33,5.33,충족,-0.34
40-1 여의도중학교,5,194306.24,547179.53,15.2,230.8,5.83,5.83,충족,5.33,5.33,충족,-0.5
40-1 여의도중학교,1,194303.05,547183.45,1.2,230.8,5.0,5.0,충족,4.67,4.83,충족,-0.17
40-1 여의도중학교,2,194303.05,547183.45,4.7,230.8,5.17,5.17,충족,4.67,5.0,충족,-0.17
40-1 여의도중학교,3,194303.05,547183.45,8.2,230.8,5.5,5.5,충족,5.17,5.17,충족,-0.33
40-1 여의도중학교,4,194303.05,547183.45,11.7,230.8,5.67,5.67,충족,5.17,5.17,충족,-0.5
40-1 여의도중학교,5,194303.05,547183.45,15.2,230.8,5.83,5.83,충족,5.17,5.17,충족,-0.66
40-1 여의도중학교,1,194299.86,547187.36,1.2,230.8,5.0,5.0,충족,4.67,4.83,충족,-0.17
40-1 여의도중학교,2,194299.86,547187.36,4.7,230.8,5.17,5.17,충족,4.67,5.0,충족,-0.17
40-1 여의도중학교,3,194299.86,547187.36,8.2,230.8,5.5,5.5,충족,5.17,5.17,충족,-0.33
40-1 여의도중학교,4,194299.86,547187.36,11.7,230.8,5.67,5.67,충족,5.17,5.17,충족,-0.5
40-1 여의도중학교,5,194299.86,547187.36,15.2,230.8,5.83,5.83,충족,5.17,5.33,충족,-0.5
40-1 여의도중학교,1,194296.67,547191.28,1.2,230.8,5.0,5.0,충족,5.0,5.0,충족,0.0
40-1 여의도중학교,2,194296.67,547191.28,4.7,230.8,5.17,5.17,충족,5.0,5.0,충족,-0.17
40-1 여의도중학교,3,194296.67,547191.28,8.2,230.8,5.5,5.5,충족,5.0,5.0,충족,-0.5
40-1 여의도중학교,4,194296.67,547191.28,11.7,230.8,5.67,5.67,충족,5.0,5.0,충족,-0.67
40-1 여의도중학교,5,194296.67,547191.28,15.2,230.8,5.83,5.83,충족,5.0,5.17,충족,-0.66
40-1 여의도중학교,1,194293.48,547195.19,1.2,230.8,5.0,5.0,충족,5.0,5.0,충족,0.0
40-1 여의도중학교,2,194293.48,547195.19,4.7,230.8,5.17,5.17,충족,5.0,5.0,충족,-0.17
40-1 여의도중학교,3,194293.48,547195.19,8.2,230.8,5.5,5.5,충족,5.0,5.0,충족,-0.5
40-1 여의도중학교,4,194293.48,547195.19,11.7,230.8,5.67,5.67,충족,5.0,5.17,충족,-0.5
40-1 여의도중학교,5,194293.48,547195.19,15.2,230.8,5.83,5.83,충족,5.0,5.33,충족,-0.5
40-1 여의도중학교,1,194290.29,547199.11,1.2,230.8,5.0,5.0,충족,4.83,4.83,충족,-0.17
40-1 여의도중학교,2,194290.29,547199.11,4.7,230.8,5.17,5.17,충족,4.83,4.83,충족,-0.34
40-1 여의도중학교,3,194290.29,547199.11,8.2,230.8,5.5,5.5,충족,4.83,4.83,충족,-0.67
40-1 여의도중학교,4,194290.29,547199.11,11.7,230.8,5.67,5.67,충족,4.83,5.0,충족,-0.67
40-1 여의도중학교,5,194290.29,547199.11,15.2,230.8,5.83,5.83,충족,4.83,5.17,충족,-0.66
40-1 여의도중학교,1,194287.1,547203.02,1.2,230.8,5.0,5.0,충족,4.83,4.83,충족,-0.17
40-1 여의도중학교,2,194287.1,547203.02,4.7,230.8,5.17,5.17,충족,4.83,4.83,충족,-0.34
40-1 여의도중학교,3,194287.1,547203.02,8.2,230.8,5.5,5.5,충족,4.83,5.0,충족,-0.5
40-1 여의도중학교,4,194287.1,547203.02,11.7,230.8,5.67,5.67,충족,4.83,5.17,충족,-0.5
40-1 여의도중학교,5,194287.1,547203.02,15.2,230.8,5.83,5.83,충족,4.83,5.33,충족,-0.5
40-1 여의도중학교,1,194283.91,547206.93,1.2,230.8,5.0,5.0,충족,4.67,4.67,충족,-0.33
40-1 여의도중학교,2,194283.91,547206.93,4.7,230.8,5.17,5.17,충족,4.67,4.67,충족,-0.5
40-1 여의도중학교,3,194283.91,547206.93,8.2,230.8,5.5,5.5,충족,4.67,4.83,충족,-0.67
40-1 여의도중학교,4,194283.91,547206.93,11.7,230.8,5.67,5.67,충족,4.67,5.0,충족,-0.67
40-1 여의도중학교,5,194283.91,547206.93,15.2,230.8,5.83,5.83,충족,4.67,5.17,충족,-0.66
40-1 여의도중학교,1,194280.72,547210.85,1.2,230.8,5.0,5.0,충족,4.67,4.67,충족,-0.33
40-1 여의도중학교,2,194280.72,547210.85,4.7,230.8,5.17,5.17,충족,4.67,4.67,충족,-0.5
40-1 여의도중학교,3,194280.72,547210.85,8.2,230.8,5.5,5.5,충족,4.67,5.0,충족,-0.5
40-1 여의도중학교,4,194280.72,547210.85,11.7,230.8,5.67,5.67,충족,4.67,5.17,충족,-0.5
40-1 여의도중학교,5,194280.72,547210.85,15.2,230.8,5.83,5.83,충족,4.67,5.33,충족,-0.5
40-1 여의도중학교,1,194277.53,547214.76,1.2,230.8,5.0,5.0,충족,4.5,4.5,충족,-0.5
40-1 여의도중학교,2,194277.53,547214.76,4.7,230.8,5.17,5.17,충족,4.5,4.5,충족,-0.67
40-1 여의도중학교,3,194277.53,547214.76,8.2,230.8,5.5,5.5,충족,4.5,4.83,충족,-0.67
40-1 여의도중학교,4,194277.53,547214.76,11.7,230.8,5.67,5.67,충족,4.5,5.0,충족,-0.67
40-1 여의도중학교,5,194277.53,547214.76,15.2,230.8,5.83,5.83,충족,4.5,5.17,충족,-0.66
40-1 여의도중학교,1,194274.34,547218.68,1.2,230.8,5.0,5.0,충족,4.5,4.5,충족,-0.5
40-1 여의도중학교,2,194274.34,547218.68,4.7,230.8,5.17,5.17,충족,4.5,4.67,충족,-0.5
40-1 여의도중학교,3,194274.34,547218.68,8.2,230.8,5.33,5.33,충족,4.5,4.83,충족,-0.5
40-1 여의도중학교,4,194274.34,547218.68,11.7,230.8,5.67,5.67,충족,4.5,5.17,충족,-0.5
40-1 여의도중학교,5,194274.34,547218.68,15.2,230.8,5.83,5.83,충족,4.5,5.17,충족,-0.66
40-1 여의도중학교,1,194271.15,547222.59,1.2,230.8,5.0,5.0,충족,4.33,4.33,충족,-0.67
40-1 여의도중학교,2,194271.15,547222.59,4.7,230.8,5.17,5.17,충족,4.33,4.5,충족,-0.67
40-1 여의도중학교,3,194271.15,547222.59,8.2,230.8,5.33,5.33,충족,4.33,4.67,충족,-0.66
40-1 여의도중학교,4,194271.15,547222.59,11.7,230.8,5.67,5.67,충족,4.33,5.0,충족,-0.67
40-1 여의도중학교,5,194271.15,547222.59,15.2,230.8,5.83,5.83,충족,4.33,5.0,충족,-0.83
30-1 여의도고등학교,1,194150.19,547344.58,1.2,137.0,1.33,1.33,불충족,1.33,1.33,불충족,0.0
30-1 여의도고등학교,2,194150.19,547344.58,4.7,137.0,1.33,1.83,불충족,1.33,1.83,불충족,0.0
30-1 여의도고등학교,3,194150.19,547344.58,8.2,137.0,2.83,2.83,충족,2.83,2.83,충족,0.0
30-1 여의도고등학교,4,194150.19,547344.58,11.7,137.0,3.67,3.67,충족,3.67,3.67,충족,0.0
30-1 여의도고등학교,1,194184.8,547304.01,1.2,142.1,0.67,1.0,불충족,0.67,1.0,불충족,0.0
30-1 여의도고등학교,2,194184.8,547304.01,4.7,142.1,1.0,1.83,불충족,1.0,1.83,불충족,0.0
30-1 여의도고등학교,3,194184.8,547304.01,8.2,142.1,3.5,3.5,충족,3.5,3.5,충족,0.0
30-1 여의도고등학교,4,194184.8,547304.01,11.7,142.1,5.0,5.0,충족,5.0,5.0,충족,0.0
30-1 여의도고등학교,1,194180.83,547300.92,1.2,140.0,0.0,0.0,불충족,0.0,0.0,불충족,0.0
30-1 여의도고등학교,2,194180.83,547300.92,4.7,140.0,0.17,0.33,불충족,0.17,0.33,불충족,0.0
30-1 여의도고등학교,3,194180.83,547300.92,8.2,140.0,0.67,1.17,불충족,0.67,1.17,불충족,0.0
30-1 여의도고등학교,4,194180.83,547300.92,11.7,140.0,1.83,2.0,불충족,1.83,2.0,불충족,0.0
30-1 여의도고등학교,1,194243.15,547251.85,1.2,141.9,5.17,6.17,충족,4.17,5.33,충족,-0.84
30-1 여의도고등학교,2,194243.15,547251.85,4.7,141.9,6.67,6.67,충족,4.5,5.83,충족,-0.84
30-1 여의도고등학교,3,194243.15,547251.85,8.2,141.9,6.67,6.67,충족,4.5,5.83,충족,-0.84
30-1 여의도고등학교,4,194243.15,547251.85,11.7,141.9,7.17,7.17,충족,5.0,6.33,충족,-0.84
30-1 여의도고등학교,1,194239.18,547248.73,1.2,141.9,5.5,6.5,충족,4.5,5.67,충족,-0.83
30-1 여의도고등학교,2,194239.18,547248.73,4.7,141.9,7.0,7.0,충족,4.67,6.0,충족,-1.0
30-1 여의도고등학교,3,194239.18,547248.73,8.2,141.9,7.0,7.0,충족,4.83,6.17,충족,-0.83
30-1 여의도고등학교,4,194239.18,547248.73,11.7,141.9,7.33,7.33,충족,5.17,6.5,충족,-0.83
30-1 여의도고등학교,1,194235.21,547245.61,1.2,141.9,5.5,6.67,충족,4.67,5.67,충족,-1.0
30-1 여의도고등학교,2,194235.21,547245.61,4.7,141.9,5.83,7.0,충족,4.83,6.0,충족,-1.0
30-1 여의도고등학교,3,194235.21,547245.61,8.2,141.9,7.33,7.33,충족,5.0,6.33,충족,-1.0
30-1 여의도고등학교,4,194235.21,547245.61,11.7,141.9,7.5,7.5,충족,5.17,6.5,충족,-1.0
30-1 여의도고등학교,1,194231.24,547242.5,1.2,141.9,5.5,6.67,충족,4.67,5.67,충족,-1.0
30-1 여의도고등학교,2,194231.24,547242.5,4.7,141.9,5.83,7.0,충족,5.0,6.17,충족,-0.83
30-1 여의도고등학교,3,194231.24,547242.5,8.2,141.9,7.5,7.5,충족,5.17,6.67,충족,-0.83
30-1 여의도고등학교,4,194231.24,547242.5,11.7,141.9,7.67,7.67,충족,5.33,6.83,충족,-0.84
30-1 여의도고등학교,1,194227.27,547239.38,1.2,141.9,5.5,6.67,충족,4.83,5.67,충족,-1.0
30-1 여의도고등학교,2,194227.27,547239.38,4.7,141.9,5.83,7.0,충족,5.0,6.0,충족,-1.0
30-1 여의도고등학교,3,194227.27,547239.38,8.2,141.9,7.67,7.67,충족,5.33,6.83,충족,-0.84
30-1 여의도고등학교,4,194227.27,547239.38,11.7,141.9,7.67,7.67,충족,5.33,6.83,충족,-0.84
30-1 여의도고등학교,1,194223.3,547236.27,1.2,141.9,5.5,6.83,충족,5.0,5.67,충족,-1.16
30-1 여의도고등학교,2,194223.3,547236.27,4.7,141.9,5.67,7.0,충족,5.0,6.0,충족,-1.0
30-1 여의도고등학교,3,194223.3,547236.27,8.2,141.9,7.67,7.67,충족,5.17,6.67,충족,-1.0
30-1 여의도고등학교,4,194223.3,547236.27,11.7,141.9,7.83,7.83,충족,5.5,7.0,충족,-0.83
30-1 여의도고등학교,1,194219.34,547233.15,1.2,141.9,5.33,6.67,충족,4.83,5.5,충족,-1.17
30-1 여의도고등학교,2,194219.34,547233.15,4.7,141.9,5.67,7.0,충족,5.0,5.67,충족,-1.33
30-1 여의도고등학교,3,194219.34,547233.15,8.2,141.9,6.0,7.5,충족,5.17,6.33,충족,-1.17
30-1 여의도고등학교,4,194219.34,547233.15,11.7,141.9,7.83,7.83,충족,5.33,6.67,충족,-1.16
30-1 여의도고등학교,1,194215.37,547230.04,1.2,141.9,5.17,6.67,충족,5.0,5.83,충족,-0.84
30-1 여의도고등학교,2,194215.37,547230.04,4.7,141.9,5.5,7.0,충족,5.0,5.83,충족,-1.17
30-1 여의도고등학교,3,194215.37,547230.04,8.2,141.9,6.0,7.5,충족,5.17,6.33,충족,-1.17
30-1 여의도고등학교,4,194215.37,547230.04,11.7,141.9,8.0,8.0,충족,5.5,7.0,충족,-1.0
30-1 여의도고등학교,1,194211.4,547226.92,1.2,141.9,5.0,6.5,충족,5.0,5.83,충족,-0.67
30-1 여의도고등학교,2,194211.4,547226.92,4.7,141.9,5.17,6.67,충족,5.0,5.83,충족,-0.84
30-1 여의도고등학교,3,194211.4,547226.92,8.2,141.9,5.67,7.17,충족,5.17,6.0,충족,-1.17
30-1 여의도고등학교,4,194211.4,547226.92,11.7,141.9,8.0,8.0,충족,5.33,6.83,충족,-1.17
30-1 여의도고등학교,1,194207.06,547225.5,1.2,231.9,3.0,4.67,충족,3.0,4.0,충족,-0.67
30-1 여의도고등학교,2,194207.06,547225.5,4.7,231.9,3.33,5.0,충족,3.33,4.5,충족,-0.5
30-1 여의도고등학교,3,194207.06,547225.5,8.2,231.9,3.67,5.33,충족,3.33,4.5,충족,-0.83
30-1 여의도고등학교,4,194207.06,547225.5,11.7,231.9,6.0,6.0,충족,3.33,5.0,충족,-1.0
30-1 여의도고등학교,1,194203.95,547229.47,1.2,231.9,3.0,5.0,충족,3.0,4.33,충족,-0.67
30-1 여의도고등학교,2,194203.95,547229.47,4.7,231.9,3.33,5.33,충족,3.17,4.5,충족,-0.83
30-1 여의도고등학교,3,194203.95,547229.47,8.2,231.9,6.0,6.0,충족,3.17,4.83,충족,-1.17
30-1 여의도고등학교,4,194203.95,547229.47,11.7,231.9,6.0,6.0,충족,3.33,5.0,충족,-1.0
30-1 여의도고등학교,1,194200.83,547233.44,1.2,231.9,3.0,4.67,충족,3.0,4.17,충족,-0.5
30-1 여의도고등학교,2,194200.83,547233.44,4.7,231.9,3.33,5.33,충족,3.17,4.5,충족,-0.83
30-1 여의도고등학교,3,194200.83,547233.44,8.2,231.9,5.5,5.5,충족,3.17,4.5,충족,-1.0
30-1 여의도고등학교,4,194200.83,547233.44,11.7,231.9,6.0,6.0,충족,3.33,5.17,충족,-0.83
30-1 여의도고등학교,1,194197.72,547237.41,1.2,231.9,3.0,3.83,충족,3.0,3.5,충족,-0.33
30-1 여의도고등학교,2,194197.72,547237.41,4.7,231.9,4.17,4.17,충족,3.17,3.67,충족,-0.5
30-1 여의도고등학교,3,194197.72,547237.41,8.2,231.9,5.5,5.5,충족,3.17,4.33,충족,-1.17
30-1 여의도고등학교,4,194197.72,547237.41,11.7,231.9,6.0,6.0,충족,3.17,4.83,충족,-1.17
30-1 여의도고등학교,1,194194.61,547241.38,1.2,231.9,3.33,3.33,충족,3.17,3.17,충족,-0.16
30-1 여의도고등학교,2,194194.61,547241.38,4.7,231.9,4.17,4.17,충족,3.17,3.83,충족,-0.34
30-1 여의도고등학교,3,194194.61,547241.38,8.2,231.9,5.5,5.5,충족,3.17,4.67,충족,-0.83
30-1 여의도고등학교,4,194194.61,547241.38,11.7,231.9,6.0,6.0,충족,3.17,5.17,충족,-0.83
30-1 여의도고등학교,1,194203.84,547251.18,1.2,232.0,0.0,0.0,불충족,0.0,0.0,불충족,0.0
30-1 여의도고등학교,2,194203.84,547251.18,4.7,232.0,0.0,0.0,불충족,0.0,0.0,불충족,0.0
30-1 여의도고등학교,3,194203.84,547251.18,8.2,232.0,0.33,0.33,불충족,0.33,0.33,불충족,0.0
30-1 여의도고등학교,4,194203.84,547251.18,11.7,232.0,0.33,0.33,불충족,0.33,0.33,불충족,0.0
30-1 여의도고등학교,1,194200.73,547255.16,1.2,232.0,0.67,0.67,불충족,0.17,0.17,불충족,-0.5
30-1 여의도고등학교,2,194200.73,547255.16,4.7,232.0,1.33,1.33,불충족,0.67,0.83,불충족,-0.5
30-1 여의도고등학교,3,194200.73,547255.16,8.2,232.0,1.83,1.83,불충족,1.17,1.33,불충족,-0.5
30-1 여의도고등학교,4,194200.73,547255.16,11.7,232.0,3.33,3.33,충족,1.17,2.67,불충족,-0.66
30-1 여의도고등학교,1,194197.62,547259.13,1.2,232.0,1.67,2.17,불충족,0.67,1.17,불충족,-1.0
30-1 여의도고등학교,2,194197.62,547259.13,4.7,232.0,2.83,2.83,충족,1.17,2.0,불충족,-0.83
30-1 여의도고등학교,3,194197.62,547259.13,8.2,232.0,3.67,3.67,충족,1.17,3.0,불충족,-0.67
30-1 여의도고등학교,4,194197.62,547259.13,11.7,232.0,5.83,5.83,충족,4.17,5.33,충족,-0.5
30-1 여의도고등학교,1,194194.51,547263.1,1.2,232.0,3.33,3.33,충족,1.17,2.5,불충족,-0.83
30-1 여의도고등학교,2,194194.51,547263.1,4.7,232.0,3.5,3.5,충족,1.17,3.0,불충족,-0.5
30-1 여의도고등학교,3,194194.51,547263.1,8.2,232.0,5.0,5.0,충족,3.5,4.67,충족,-0.33
30-1 여의도고등학교,4,194194.51,547263.1,11.7,232.0,6.0,6.0,충족,4.33,5.67,충족,-0.33
30-1 여의도고등학교,1,194191.4,547267.08,1.2,232.0,3.67,3.67,충족,1.17,3.0,불충족,-0.67
30-1 여의도고등학교,2,194191.4,547267.08,4.7,232.0,4.5,4.5,충족,2.0,3.83,충족,-0.67
30-1 여의도고등학교,3,194191.4,547267.08,8.2,232.0,5.83,5.83,충족,4.17,5.33,충족,-0.5
30-1 여의도고등학교,4,194191.4,547267.08,11.7,232.0,6.0,6.0,충족,4.17,5.5,충족,-0.5
30-1 여의도고등학교,1,194188.29,547271.05,1.2,232.0,4.17,4.17,충족,2.83,3.83,충족,-0.34
30-1 여의도고등학교,2,194188.29,547271.05,4.7,232.0,5.17,5.17,충족,3.67,4.83,충족,-0.34
30-1 여의도고등학교,3,194188.29,547271.05,8.2,232.0,5.83,5.83,충족,4.17,5.5,충족,-0.33
30-1 여의도고등학교,4,194188.29,547271.05,11.7,232.0,5.83,5.83,충족,4.17,5.5,충족,-0.33
30-1 여의도고등학교,1,194185.18,547275.03,1.2,232.0,4.67,4.67,충족,3.33,4.33,충족,-0.34
30-1 여의도고등학교,2,194185.18,547275.03,4.7,232.0,5.67,5.67,충족,4.17,5.33,충족,-0.34
30-1 여의도고등학교,3,194185.18,547275.03,8.2,232.0,5.67,5.67,충족,4.17,5.33,충족,-0.34
30-1 여의도고등학교,4,194185.18,547275.03,11.7,232.0,5.67,5.67,충족,4.17,5.33,충족,-0.34
30-1 여의도고등학교,1,194182.08,547279.0,1.2,232.0,5.0,5.0,충족,3.67,4.67,충족,-0.33
30-1 여의도고등학교,2,194182.08,547279.0,4.7,232.0,5.33,5.33,충족,4.0,5.0,충족,-0.33
30-1 여의도고등학교,3,194182.08,547279.0,8.2,232.0,5.33,5.33,충족,4.0,5.0,충족,-0.33
30-1 여의도고등학교,4,194182.08,547279.0,11.7,232.0,5.33,5.33,충족,4.0,5.0,충족,-0.33
30-1 여의도고등학교,1,194178.97,547282.98,1.2,232.0,5.17,5.17,충족,4.0,4.83,충족,-0.34
30-1 여의도고등학교,2,194178.97,547282.98,4.7,232.0,5.17,5.17,충족,4.0,4.83,충족,-0.34
30-1 여의도고등학교,3,194178.97,547282.98,8.2,232.0,5.17,5.17,충족,4.0,4.83,충족,-0.34
30-1 여의도고등학교,4,194178.97,547282.98,11.7,232.0,5.33,5.33,충족,4.0,5.0,충족,-0.33
30-1 여의도고등학교,1,194175.86,547286.95,1.2,232.0,5.0,5.0,충족,4.0,4.67,충족,-0.33
30-1 여의도고등학교,2,194175.86,547286.95,4.7,232.0,5.0,5.0,충족,4.0,4.67,충족,-0.33
30-1 여의도고등학교,3,194175.86,547286.95,8.2,232.0,5.17,5.17,충족,4.0,4.83,충족,-0.34
30-1 여의도고등학교,4,194175.86,547286.95,11.7,232.0,5.33,5.33,충족,4.0,5.0,충족,-0.33
30-1 여의도고등학교,1,194172.75,547290.93,1.2,232.0,4.83,4.83,충족,3.83,4.5,충족,-0.33
30-1 여의도고등학교,2,194172.75,547290.93,4.7,232.0,5.0,5.0,충족,3.83,4.67,충족,-0.33
30-1 여의도고등학교,3,194172.75,547290.93,8.2,232.0,5.17,5.17,충족,4.0,5.0,충족,-0.17
30-1 여의도고등학교,4,194172.75,547290.93,11.7,232.0,5.5,5.5,충족,4.0,5.33,충족,-0.17
30-1 여의도고등학교,1,194169.64,547294.9,1.2,232.0,4.83,4.83,충족,3.83,4.5,충족,-0.33
30-1 여의도고등학교,2,194169.64,547294.9,4.7,232.0,5.0,5.0,충족,3.83,4.67,충족,-0.33
30-1 여의도고등학교,3,194169.64,547294.9,8.2,232.0,5.33,5.33,충족,4.0,5.17,충족,-0.16
30-1 여의도고등학교,4,194169.64,547294.9,11.7,232.0,5.33,5.33,충족,5.33,5.33,충족,0.0
30-1 여의도고등학교,1,194166.53,547298.87,1.2,232.0,4.83,5.0,충족,3.83,4.67,충족,-0.33
30-1 여의도고등학교,2,194166.53,547298.87,4.7,232.0,5.0,5.17,충족,3.83,4.83,충족,-0.34
30-1 여의도고등학교,3,194166.53,547298.87,8.2,232.0,5.17,5.33,충족,5.17,5.33,충족,0.0
30-1 여의도고등학교,4,194166.53,547298.87,11.7,232.0,5.33,5.5,충족,5.33,5.5,충족,0.0
30-1 여의도고등학교,1,194163.42,547302.85,1.2,232.0,4.83,5.17,충족,3.83,5.0,충족,-0.17
30-1 여의도고등학교,2,194163.42,547302.85,4.7,232.0,5.0,5.33,충족,3.83,5.17,충족,-0.16
30-1 여의도고등학교,3,194163.42,547302.85,8.2,232.0,5.17,5.5,충족,5.17,5.5,충족,0.0
30-1 여의도고등학교,4,194163.42,547302.85,11.7,232.0,5.33,5.83,충족,5.33,5.83,충족,0.0
30-1 여의도고등학교,1,194160.31,547306.82,1.2,232.0,4.83,5.33,충족,3.83,5.17,충족,-0.16
30-1 여의도고등학교,2,194160.31,547306.82,4.7,232.0,5.0,5.5,충족,5.0,5.5,충족,0.0
30-1 여의도고등학교,3,194160.31,547306.82,8.2,232.0,6.0,6.0,충족,6.0,6.0,충족,0.0
30-1 여의도고등학교,4,194160.31,547306.82,11.7,232.0,6.0,6.0,충족,6.0,6.0,충족,0.0
30-1 여의도고등학교,1,194157.2,547310.8,1.2,232.0,4.83,5.33,충족,4.83,5.33,충족,0.0
30-1 여의도고등학교,2,194157.2,547310.8,4.7,232.0,5.83,5.83,충족,5.83,5.83,충족,0.0
30-1 여의도고등학교,3,194157.2,547310.8,8.2,232.0,5.83,5.83,충족,5.83,5.83,충족,0.0
30-1 여의도고등학교,4,194157.2,547310.8,11.7,232.0,6.0,6.0,충족,6.0,6.0,충족,0.0
30-1 여의도고등학교,1,194154.09,547314.77,1.2,232.0,5.67,5.67,충족,5.67,5.67,충족,0.0
30-1 여의도고등학교,2,194154.09,547314.77,4.7,232.0,5.67,5.67,충족,5.67,5.67,충족,0.0
30-1 여의도고등학교,3,194154.09,547314.77,8.2,232.0,5.83,5.83,충족,5.83,5.83,충족,0.0
30-1 여의도고등학교,4,194154.09,547314.77,11.7,232.0,6.0,6.0,충족,6.0,6.0,충족,0.0
30-1 여의도고등학교,1,194150.98,547318.75,1.2,232.0,5.5,5.5,충족,5.5,5.5,충족,0.0
30-1 여의도고등학교,2,194150.98,547318.75,4.7,232.0,5.67,5.67,충족,5.67,5.67,충족,0.0
30-1 여의도고등학교,3,194150.98,547318.75,8.2,232.0,5.83,5.83,충족,5.83,5.83,충족,0.0
30-1 여의도고등학교,4,194150.98,547318.75,11.7,232.0,6.0,6.0,충족,6.0,6.0,충족,0.0
30-1 여의도고등학교,1,194147.87,547322.72,1.2,232.0,5.5,5.5,충족,5.5,5.5,충족,0.0
30-1 여의도고등학교,2,194147.87,547322.72,4.7,232.0,5.67,5.67,충족,5.67,5.67,충족,0.0
30-1 여의도고등학교,3,194147.87,547322.72,8.2,232.0,5.83,5.83,충족,5.83,5.83,충족,0.0
30-1 여의도고등학교,4,194147.87,547322.72,11.7,232.0,6.0,6.0,충족,6.0,6.0,충족,0.0
30-1 여의도고등학교,1,194144.76,547326.7,1.2,232.0,5.5,5.5,충족,5.5,5.5,충족,0.0
30-1 여의도고등학교,2,194144.76,547326.7,4.7,232.0,5.83,5.83,충족,5.83,5.83,충족,0.0
30-1 여의도고등학교,3,194144.76,547326.7,8.2,232.0,5.83,5.83,충족,5.83,5.83,충족,0.0
30-1 여의도고등학교,4,194144.76,547326.7,11.7,232.0,6.0,6.0,충족,6.0,6.0,충족,0.0
30-1 여의도고등학교,1,194141.66,547330.67,1.2,232.0,5.67,5.67,충족,5.67,5.67,충족,0.0
30-1 여의도고등학교,2,194141.66,547330.67,4.7,232.0,5.67,5.67,충족,5.67,5.67,충족,0.0
30-1 여의도고등학교,3,194141.66,547330.67,8.2,232.0,5.83,5.83,충족,5.83,5.83,충족,0.0
30-1 여의도고등학교,4,194141.66,547330.67,11.7,232.0,6.0,6.0,충족,6.0,6.0,충족,0.0
30-1 여의도고등학교,1,194138.55,547334.64,1.2,232.0,5.5,5.5,충족,5.5,5.5,충족,0.0
30-1 여의도고등학교,2,194138.55,547334.64,4.7,232.0,5.67,5.67,충족,5.67,5.67,충족,0.0
30-1 여의도고등학교,3,194138.55,547334.64,8.2,232.0,5.83,5.83,충족,5.83,5.83,충족,0.0
30-1 여의도고등학교,4,194138.55,547334.64,11.7,232.0,5.83,5.83,충족,5.83,5.83,충족,0.0
30-1 여의도고등학교,1,194135.44,547338.62,1.2,232.0,5.5,5.5,충족,5.5,5.5,충족,0.0
30-1 여의도고등학교,2,194135.44,547338.62,4.7,232.0,5.67,5.67,충족,5.67,5.67,충족,0.0
30-1 여의도고등학교,3,194135.44,547338.62,8.2,232.0,5.67,5.67,충족,5.67,5.67,충족,0.0
30-1 여의도고등학교,4,194135.44,547338.62,11.7,232.0,5.67,5.67,충족,5.67,5.67,충족,0.0
30-1 여의도고등학교,1,194132.33,547342.59,1.2,232.0,5.33,5.33,충족,5.33,5.33,충족,0.0
30-1 여의도고등학교,2,194132.33,547342.59,4.7,232.0,5.33,5.33,충족,5.33,5.33,충족,0.0
30-1 여의도고등학교,3,194132.33,547342.59,8.2,232.0,5.33,5.33,충족,5.33,5.33,충족,0.0
30-1 여의도고등학교,4,194132.33,547342.59,11.7,232.0,5.33,5.33,충족,5.33,5.33,충족,0.0
30-1 여의도고등학교,1,194129.22,547346.57,1.2,232.0,5.17,5.17,충족,5.17,5.17,충족,0.0
30-1 여의도고등학교,2,194129.22,547346.57,4.7,232.0,5.17,5.17,충족,5.17,5.17,충족,0.0
30-1 여의도고등학교,3,194129.22,547346.57,8.2,232.0,5.17,5.17,충족,5.17,5.17,충족,0.0
30-1 여의도고등학교,4,194129.22,547346.57,11.7,232.0,5.33,5.33,충족,5.33,5.33,충족,0.0
30-1 여의도고등학교,1,194126.11,547350.54,1.2,232.0,5.0,5.0,충족,5.0,5.0,충족,0.0
30-1 여의도고등학교,2,194126.11,547350.54,4.7,232.0,5.0,5.0,충족,5.0,5.0,충족,0.0
30-1 여의도고등학교,3,194126.11,547350.54,8.2,232.0,5.17,5.17,충족,5.17,5.17,충족,0.0
30-1 여의도고등학교,4,194126.11,547350.54,11.7,232.0,5.33,5.33,충족,5.33,5.33,충족,0.0
30-1 여의도고등학교,1,194123.0,547354.52,1.2,232.0,4.83,4.83,충족,4.83,4.83,충족,0.0
30-1 여의도고등학교,2,194123.0,547354.52,4.7,232.0,5.0,5.0,충족,5.0,5.0,충족,0.0
30-1 여의도고등학교,3,194123.0,547354.52,8.2,232.0,5.17,5.17,충족,5.17,5.17,충족,0.0
30-1 여의도고등학교,4,194123.0,547354.52,11.7,232.0,5.5,5.5,충족,5.5,5.5,충족,0.0
30-1 여의도고등학교,1,194188.39,547220.35,1.2,141.3,4.0,6.67,충족,4.0,5.83,충족,-0.84
30-1 여의도고등학교,2,194188.39,547220.35,4.7,141.3,4.17,6.83,충족,4.17,6.0,충족,-0.83
30-1 여의도고등학교,3,194188.39,547220.35,8.2,141.3,4.5,7.17,충족,4.5,6.33,충족,-0.84
30-1 여의도고등학교,1,194184.36,547217.11,1.2,141.3,3.33,6.33,충족,3.33,5.33,충족,-1.0
30-1 여의도고등학교,2,194184.36,547217.11,4.7,141.3,3.67,6.67,충족,3.67,5.67,충족,-1.0
30-1 여의도고등학교,3,194184.36,547217.11,8.2,141.3,4.17,7.0,충족,4.17,6.0,충족,-1.0
30-1 여의도고등학교,1,194180.32,547213.88,1.2,141.3,3.0,6.0,충족,3.0,4.67,충족,-1.33
30-1 여의도고등학교,2,194180.32,547213.88,4.7,141.3,3.17,6.17,충족,3.17,5.0,충족,-1.17
30-1 여의도고등학교,3,194180.32,547213.88,8.2,141.3,3.67,6.67,충족,3.67,5.5,충족,-1.17
30-1 여의도고등학교,1,194176.28,547210.64,1.2,141.3,3.33,6.0,충족,2.67,4.67,충족,-1.33
30-1 여의도고등학교,2,194176.28,547210.64,4.7,141.3,3.33,6.17,충족,2.83,4.83,충족,-1.34
30-1 여의도고등학교,3,194176.28,547210.64,8.2,141.3,3.33,6.33,충족,3.0,5.17,충족,-1.16
30-1 여의도고등학교,1,194172.24,547207.41,1.2,141.3,3.67,6.17,충족,2.5,4.83,충족,-1.34
30-1 여의도고등학교,2,194172.24,547207.41,4.7,141.3,3.67,6.17,충족,2.5,4.83,충족,-1.34
30-1 여의도고등학교,3,194172.24,547207.41,8.2,141.3,3.67,6.33,충족,2.67,5.0,충족,-1.33
30-1 여의도고등학교,1,194168.21,547204.17,1.2,141.3,2.17,5.83,충족,2.17,4.5,충족,-1.33
30-1 여의도고등학교,2,194168.21,547204.17,4.7,141.3,4.0,6.17,충족,2.17,4.83,충족,-1.34
30-1 여의도고등학교,3,194168.21,547204.17,8.2,141.3,4.0,6.33,충족,2.33,5.0,충족,-1.33
30-1 여의도고등학교,1,194164.17,547200.94,1.2,141.3,2.0,5.67,충족,1.83,4.5,충족,-1.17
30-1 여의도고등학교,2,194164.17,547200.94,4.7,141.3,4.33,6.33,충족,2.0,5.0,충족,-1.33
30-1 여의도고등학교,3,194164.17,547200.94,8.2,141.3,4.33,6.33,충족,2.0,5.0,충족,-1.33
30-1 여의도고등학교,1,194160.24,547203.37,1.2,232.4,2.33,4.5,충족,1.17,3.0,불충족,-1.5
30-1 여의도고등학교,2,194160.24,547203.37,4.7,232.4,4.67,4.67,충족,1.17,3.17,불충족,-1.5
30-1 여의도고등학교,3,194160.24,547203.37,8.2,232.4,4.67,4.67,충족,1.17,3.17,불충족,-1.5
30-1 여의도고등학교,1,194157.08,547207.47,1.2,232.4,4.67,4.67,충족,1.33,3.17,불충족,-1.5
30-1 여의도고등학교,2,194157.08,547207.47,4.7,232.4,4.67,4.67,충족,1.33,3.33,불충족,-1.34
30-1 여의도고등학교,3,194157.08,547207.47,8.2,232.4,4.67,4.67,충족,1.33,3.33,불충족,-1.34
30-1 여의도고등학교,1,194153.92,547211.57,1.2,232.4,4.67,4.67,충족,1.33,3.5,불충족,-1.17
30-1 여의도고등학교,2,194153.92,547211.57,4.7,232.4,4.83,4.83,충족,1.5,3.83,불충족,-1.0
30-1 여의도고등학교,3,194153.92,547211.57,8.2,232.4,4.83,4.83,충족,1.5,3.83,불충족,-1.0
30-1 여의도고등학교,1,194230.36,547270.46,1.2,143.1,0.83,1.33,불충족,0.83,1.33,불충족,0.0
30-1 여의도고등학교,1,194226.08,547267.25,1.2,143.1,0.0,0.0,불충족,0.0,0.0,불충족,0.0
30-1 여의도고등학교,1,194221.81,547264.03,1.2,143.1,0.0,0.0,불충족,0.0,0.0,불충족,0.0
30-1 여의도고등학교,1,194217.53,547260.82,1.2,143.1,0.0,0.0,불충족,0.0,0.0,불충족,0.0
30-1 여의도고등학교,1,194212.97,547259.66,1.2,233.1,0.0,0.0,불충족,0.0,0.0,불충족,0.0
30-1 여의도고등학교,1,194209.75,547263.94,1.2,233.1,0.0,0.0,불충족,0.0,0.0,불충족,0.0
40-2 여의도여자고등학교,1,194253.63,547057.42,1.2,141.8,6.17,6.17,충족,3.5,4.17,충족,-2.0
40-2 여의도여자고등학교,2,194253.63,547057.42,4.7,141.8,6.17,6.17,충족,3.5,4.17,충족,-2.0
40-2 여의도여자고등학교,3,194253.63,547057.42,8.2,141.8,6.33,6.33,충족,3.67,4.5,충족,-1.83
40-2 여의도여자고등학교,4,194253.63,547057.42,11.7,141.8,6.67,6.67,충족,4.0,4.83,충족,-1.84
40-2 여의도여자고등학교,5,194253.63,547057.42,15.2,141.8,7.0,7.0,충족,4.17,5.0,충족,-2.0
40-2 여의도여자고등학교,1,194249.61,547054.26,1.2,141.8,5.83,6.33,충족,3.83,4.67,충족,-1.66
40-2 여의도여자고등학교,2,194249.61,547054.26,4.7,141.8,6.5,6.5,충족,3.83,4.67,충족,-1.83
40-2 여의도여자고등학교,3,194249.61,547054.26,8.2,141.8,6.67,6.67,충족,4.0,5.0,충족,-1.67
40-2 여의도여자고등학교,4,194249.61,547054.26,11.7,141.8,6.83,6.83,충족,4.17,5.17,충족,-1.66
40-2 여의도여자고등학교,5,194249.61,547054.26,15.2,141.8,7.17,7.17,충족,4.33,5.33,충족,-1.84
40-2 여의도여자고등학교,1,194245.59,547051.1,1.2,141.8,4.67,6.17,충족,2.67,4.83,충족,-1.34
40-2 여의도여자고등학교,2,194245.59,547051.1,4.7,141.8,6.67,6.67,충족,4.0,5.0,충족,-1.67
40-2 여의도여자고등학교,3,194245.59,547051.1,8.2,141.8,6.83,6.83,충족,4.17,5.17,충족,-1.66
40-2 여의도여자고등학교,4,194245.59,547051.1,11.7,141.8,6.83,6.83,충족,4.17,5.33,충족,-1.5
40-2 여의도여자고등학교,5,194245.59,547051.1,15.2,141.8,7.33,7.33,충족,4.33,5.5,충족,-1.83
40-2 여의도여자고등학교,1,194241.57,547047.94,1.2,141.8,4.5,6.0,충족,2.67,4.5,충족,-1.5
40-2 여의도여자고등학교,2,194241.57,547047.94,4.7,141.8,5.67,6.67,충족,3.0,4.83,충족,-1.84
40-2 여의도여자고등학교,3,194241.57,547047.94,8.2,141.8,6.83,6.83,충족,4.17,5.0,충족,-1.83
40-2 여의도여자고등학교,4,194241.57,547047.94,11.7,141.8,7.0,7.0,충족,4.33,5.33,충족,-1.67
40-2 여의도여자고등학교,5,194241.57,547047.94,15.2,141.8,7.17,7.17,충족,4.33,5.33,충족,-1.84
40-2 여의도여자고등학교,1,194237.56,547044.78,1.2,141.8,4.33,6.0,충족,2.5,4.5,충족,-1.5
40-2 여의도여자고등학교,2,194237.56,547044.78,4.7,141.8,5.67,6.83,충족,2.83,5.0,충족,-1.83
40-2 여의도여자고등학교,3,194237.56,547044.78,8.2,141.8,7.17,7.17,충족,4.33,5.33,충족,-1.84
40-2 여의도여자고등학교,4,194237.56,547044.78,11.7,141.8,7.17,7.17,충족,4.33,5.33,충족,-1.84
40-2 여의도여자고등학교,5,194237.56,547044.78,15.2,141.8,7.33,7.33,충족,4.33,5.5,충족,-1.83
40-2 여의도여자고등학교,1,194233.54,547041.62,1.2,141.8,4.33,5.67,충족,2.67,4.33,충족,-1.34
40-2 여의도여자고등학교,2,194233.54,547041.62,4.7,141.8,4.83,6.33,충족,2.83,4.67,충족,-1.66
40-2 여의도여자고등학교,3,194233.54,547041.62,8.2,141.8,6.0,6.83,충족,3.17,5.0,충족,-1.83
40-2 여의도여자고등학교,4,194233.54,547041.62,11.7,141.8,6.33,7.17,충족,3.5,5.33,충족,-1.84
40-2 여의도여자고등학교,5,194233.54,547041.62,15.2,141.8,7.33,7.33,충족,4.5,5.67,충족,-1.66
40-2 여의도여자고등학교,1,194229.52,547038.47,1.2,141.8,4.5,5.67,충족,2.83,4.33,충족,-1.34
40-2 여의도여자고등학교,2,194229.52,547038.47,4.7,141.8,4.83,6.0,충족,2.83,4.33,충족,-1.67
40-2 여의도여자고등학교,3,194229.52,547038.47,8.2,141.8,5.83,6.5,충족,3.0,4.67,충족,-1.83
40-2 여의도여자고등학교,4,194229.52,547038.47,11.7,141.8,6.17,6.83,충족,3.33,5.0,충족,-1.83
40-2 여의도여자고등학교,5,194229.52,547038.47,15.2,141.8,6.5,7.17,충족,3.67,5.5,충족,-1.67
40-2 여의도여자고등학교,1,194225.5,547035.31,1.2,141.9,4.5,5.5,충족,2.83,4.17,충족,-1.33
40-2 여의도여자고등학교,2,194225.5,547035.31,4.7,141.9,5.0,6.0,충족,3.0,4.33,충족,-1.67
40-2 여의도여자고등학교,3,194225.5,547035.31,8.2,141.9,6.0,6.5,충족,3.0,4.5,충족,-2.0
40-2 여의도여자고등학교,4,194225.5,547035.31,11.7,141.9,6.17,6.67,충족,3.17,4.67,충족,-2.0
40-2 여의도여자고등학교,5,194225.5,547035.31,15.2,141.9,6.5,7.0,충족,3.5,5.0,충족,-2.0
40-2 여의도여자고등학교,1,194221.48,547032.15,1.2,141.9,4.5,5.17,충족,3.17,4.5,충족,-0.67
40-2 여의도여자고등학교,2,194221.48,547032.15,4.7,141.9,4.83,5.5,충족,3.17,4.5,충족,-1.0
40-2 여의도여자고등학교,3,194221.48,547032.15,8.2,141.9,5.17,6.0,충족,3.17,4.67,충족,-1.33
40-2 여의도여자고등학교,4,194221.48,547032.15,11.7,141.9,6.17,6.33,충족,3.33,4.83,충족,-1.5
40-2 여의도여자고등학교,5,194221.48,547032.15,15.2,141.9,6.33,6.5,충족,3.5,5.0,충족,-1.5
40-2 여의도여자고등학교,1,194217.62,547035.1,1.2,231.9,0.0,0.0,불충족,0.0,0.0,불충족,0.0
40-2 여의도여자고등학교,2,194217.62,547035.1,4.7,231.9,0.0,0.0,불충족,0.0,0.0,불충족,0.0
40-2 여의도여자고등학교,3,194217.62,547035.1,8.2,231.9,0.0,0.0,불충족,0.0,0.0,불충족,0.0
40-2 여의도여자고등학교,4,194217.62,547035.1,11.7,231.9,0.0,0.0,불충족,0.0,0.0,불충족,0.0
40-2 여의도여자고등학교,5,194217.62,547035.1,15.2,231.9,0.0,0.0,불충족,0.0,0.0,불충족,0.0
40-2 여의도여자고등학교,1,194214.47,547039.12,1.2,231.8,0.0,0.0,불충족,0.0,0.0,불충족,0.0
40-2 여의도여자고등학교,2,194214.47,547039.12,4.7,231.8,0.0,0.0,불충족,0.0,0.0,불충족,0.0
40-2 여의도여자고등학교,3,194214.47,547039.12,8.2,231.8,0.0,0.0,불충족,0.0,0.0,불충족,0.0
40-2 여의도여자고등학교,4,194214.47,547039.12,11.7,231.8,0.0,0.0,불충족,0.0,0.0,불충족,0.0
40-2 여의도여자고등학교,5,194214.47,547039.12,15.2,231.8,0.0,0.0,불충족,0.0,0.0,불충족,0.0
40-2 여의도여자고등학교,1,194241.83,547062.44,1.2,231.7,0.0,0.0,불충족,0.0,0.0,불충족,0.0
40-2 여의도여자고등학교,2,194241.83,547062.44,4.7,231.7,0.0,0.0,불충족,0.0,0.0,불충족,0.0
40-2 여의도여자고등학교,3,194241.83,547062.44,8.2,231.7,0.0,0.0,불충족,0.0,0.0,불충족,0.0
40-2 여의도여자고등학교,4,194241.83,547062.44,11.7,231.7,0.0,0.0,불충족,0.0,0.0,불충족,0.0
40-2 여의도여자고등학교,5,194241.83,547062.44,15.2,231.7,0.0,0.0,불충족,0.0,0.0,불충족,0.0
40-2 여의도여자고등학교,1,194218.98,547029.55,1.2,141.9,4.33,4.83,충족,3.0,4.0,충족,-0.83
40-2 여의도여자고등학교,2,194218.98,547029.55,4.7,141.9,4.83,5.33,충족,3.17,4.17,충족,-1.16
40-2 여의도여자고등학교,3,194218.98,547029.55,8.2,141.9,5.17,5.83,충족,3.17,4.17,충족,-1.66
40-2 여의도여자고등학교,4,194218.98,547029.55,11.7,141.9,6.33,6.33,충족,3.33,4.5,충족,-1.83
40-2 여의도여자고등학교,1,194214.87,547026.33,1.2,141.9,4.17,4.83,충족,3.17,4.17,충족,-0.66
40-2 여의도여자고등학교,2,194214.87,547026.33,4.7,141.9,4.5,5.17,충족,3.17,4.17,충족,-1.0
40-2 여의도여자고등학교,3,194214.87,547026.33,8.2,141.9,5.17,5.83,충족,3.33,4.33,충족,-1.5
40-2 여의도여자고등학교,4,194214.87,547026.33,11.7,141.9,6.5,6.5,충족,3.5,4.67,충족,-1.83
40-2 여의도여자고등학교,1,194210.76,547023.11,1.2,141.9,2.67,4.5,충족,1.83,3.83,불충족,-0.67
40-2 여의도여자고등학교,2,194210.76,547023.11,4.7,141.9,4.33,5.0,충족,3.17,4.17,충족,-0.83
40-2 여의도여자고등학교,3,194210.76,547023.11,8.2,141.9,5.0,5.67,충족,3.33,4.33,충족,-1.34
40-2 여의도여자고등학교,4,194210.76,547023.11,11.7,141.9,6.33,6.33,충족,3.33,4.5,충족,-1.83
40-2 여의도여자고등학교,1,194206.65,547019.88,1.2,141.9,2.33,3.83,충족,1.67,3.67,불충족,-0.16
40-2 여의도여자고등학교,2,194206.65,547019.88,4.7,141.9,3.0,4.5,충족,2.0,4.17,충족,-0.33
40-2 여의도여자고등학교,3,194206.65,547019.88,8.2,141.9,4.5,5.0,충족,3.17,4.33,충족,-0.67
40-2 여의도여자고등학교,4,194206.65,547019.88,11.7,141.9,5.17,6.0,충족,3.33,4.5,충족,-1.5
40-2 여의도여자고등학교,1,194202.54,547016.66,1.2,141.9,1.67,3.17,불충족,1.5,3.33,불충족,0.16
40-2 여의도여자고등학교,2,194202.54,547016.66,4.7,141.9,2.67,4.0,충족,1.83,3.67,불충족,-0.33
40-2 여의도여자고등학교,3,194202.54,547016.66,8.2,141.9,3.33,4.67,충족,2.17,4.17,충족,-0.5
40-2 여의도여자고등학교,4,194202.54,547016.66,11.7,141.9,4.67,5.33,충족,3.17,4.33,충족,-1.0
40-2 여의도여자고등학교,1,194198.42,547013.44,1.2,141.9,1.67,2.83,불충족,1.67,3.33,불충족,0.5
40-2 여의도여자고등학교,2,194198.42,547013.44,4.7,141.9,2.17,3.33,충족,1.67,3.33,불충족,0.0
40-2 여의도여자고등학교,3,194198.42,547013.44,8.2,141.9,2.83,4.17,충족,2.0,4.0,충족,-0.17
40-2 여의도여자고등학교,4,194198.42,547013.44,11.7,141.9,3.5,4.83,충족,2.33,4.33,충족,-0.5
40-2 여의도여자고등학교,1,194194.69,547016.28,1.2,236.2,1.0,1.33,불충족,1.17,2.5,불충족,1.17
40-2 여의도여자고등학교,2,194194.69,547016.28,4.7,236.2,1.5,1.83,불충족,1.17,2.5,불충족,0.67
40-2 여의도여자고등학교,3,194194.69,547016.28,8.2,236.2,1.83,2.17,불충족,1.17,2.67,불충족,0.5
40-2 여의도여자고등학교,4,194194.69,547016.28,11.7,236.2,2.17,2.67,충족,1.17,2.67,불충족,0.0
40-2 여의도여자고등학교,1,194191.85,547018.22,1.2,151.8,1.33,1.67,불충족,1.67,3.0,불충족,1.33
40-2 여의도여자고등학교,2,194191.85,547018.22,4.7,151.8,2.17,2.33,충족,1.83,3.17,불충족,0.84
40-2 여의도여자고등학교,3,194191.85,547018.22,8.2,151.8,2.83,3.0,충족,2.17,3.67,충족,0.67
40-2 여의도여자고등학교,4,194191.85,547018.22,11.7,151.8,3.5,4.17,충족,2.5,4.0,충족,-0.17
40-2 여의도여자고등학교,1,194188.15,547021.94,1.2,234.1,1.33,1.33,불충족,1.17,2.67,불충족,1.34
40-2 여의도여자고등학교,2,194188.15,547021.94,4.7,234.1,1.5,1.5,불충족,1.17,2.67,불충족,1.17
40-2 여의도여자고등학교,3,194188.15,547021.94,8.2,234.1,1.83,2.17,불충족,1.17,2.83,불충족,0.66
40-2 여의도여자고등학교,4,194188.15,547021.94,11.7,234.1,2.83,2.83,충족,1.17,2.83,불충족,0.0
40-2 여의도여자고등학교,1,194319.97,547030.8,1.2,142.1,1.67,2.17,불충족,1.67,2.17,불충족,0.0
40-2 여의도여자고등학교,2,194319.97,547030.8,4.7,142.1,1.83,3.0,불충족,1.83,2.67,불충족,-0.33
40-2 여의도여자고등학교,3,194319.97,547030.8,8.2,142.1,2.0,3.83,충족,2.0,3.33,충족,-0.5
40-2 여의도여자고등학교,4,194319.97,547030.8,11.7,142.1,2.5,4.67,충족,2.17,3.83,충족,-0.84
40-2 여의도여자고등학교,5,194319.97,547030.8,15.2,142.1,2.5,5.0,충족,2.5,4.17,충족,-0.83
40-2 여의도여자고등학교,1,194316.0,547027.71,1.2,142.1,1.5,2.33,불충족,1.5,2.33,불충족,0.0
40-2 여의도여자고등학교,2,194316.0,547027.71,4.7,142.1,1.5,3.17,불충족,1.5,2.83,불충족,-0.34
40-2 여의도여자고등학교,3,194316.0,547027.71,8.2,142.1,1.67,3.83,불충족,1.67,3.33,불충족,-0.5
40-2 여의도여자고등학교,4,194316.0,547027.71,11.7,142.1,1.83,4.5,충족,1.83,3.83,불충족,-0.67
40-2 여의도여자고등학교,5,194316.0,547027.71,15.2,142.1,3.17,5.0,충족,1.83,4.0,충족,-1.0
40-2 여의도여자고등학교,1,194312.02,547024.61,1.2,142.1,1.0,1.17,불충족,1.0,1.17,불충족,0.0
40-2 여의도여자고등학교,2,194312.02,547024.61,4.7,142.1,1.5,2.17,불충족,1.5,1.83,불충족,-0.34
40-2 여의도여자고등학교,3,194312.02,547024.61,8.2,142.1,1.83,2.83,불충족,1.83,2.17,불충족,-0.66
40-2 여의도여자고등학교,4,194312.02,547024.61,11.7,142.1,2.33,3.33,충족,2.33,2.67,충족,-0.66
40-2 여의도여자고등학교,5,194312.02,547024.61,15.2,142.1,3.83,4.0,충족,2.5,3.0,충족,-1.0
40-2 여의도여자고등학교,1,194308.05,547021.52,1.2,142.1,1.83,2.0,불충족,1.83,1.83,불충족,-0.17
40-2 여의도여자고등학교,2,194308.05,547021.52,4.7,142.1,2.17,2.67,충족,2.17,2.33,충족,-0.34
40-2 여의도여자고등학교,3,194308.05,547021.52,8.2,142.1,2.67,3.67,충족,2.67,2.83,충족,-0.84
40-2 여의도여자고등학교,4,194308.05,547021.52,11.7,142.1,3.17,4.17,충족,3.17,3.33,충족,-0.84
40-2 여의도여자고등학교,5,194308.05,547021.52,15.2,142.1,5.0,5.0,충족,3.67,4.0,충족,-1.0
40-2 여의도여자고등학교,1,194304.07,547018.42,1.2,142.1,2.5,2.5,충족,2.5,2.5,충족,0.0
40-2 여의도여자고등학교,2,194304.07,547018.42,4.7,142.1,3.0,3.33,충족,3.0,3.17,충족,-0.16
40-2 여의도여자고등학교,3,194304.07,547018.42,8.2,142.1,3.33,4.17,충족,3.33,3.5,충족,-0.67
40-2 여의도여자고등학교,4,194304.07,547018.42,11.7,142.1,3.83,4.83,충족,3.83,4.0,충족,-0.83
40-2 여의도여자고등학교,5,194304.07,547018.42,15.2,142.1,4.33,5.83,충족,4.33,4.67,충족,-1.16
40-2 여의도여자고등학교,1,194300.1,547015.33,1.2,142.1,2.5,2.5,충족,2.5,2.5,충족,0.0
40-2 여의도여자고등학교,2,194300.1,547015.33,4.7,142.1,2.83,3.17,충족,2.83,3.0,충족,-0.17
40-2 여의도여자고등학교,3,194300.1,547015.33,8.2,142.1,3.17,4.17,충족,3.17,3.33,충족,-0.84
40-2 여의도여자고등학교,4,194300.1,547015.33,11.7,142.1,3.83,5.0,충족,3.83,4.0,충족,-1.0
40-2 여의도여자고등학교,5,194300.1,547015.33,15.2,142.1,4.33,5.67,충족,4.33,4.5,충족,-1.17
40-2 여의도여자고등학교,1,194296.12,547012.23,1.2,142.1,2.33,2.5,충족,2.33,2.5,충족,0.0
40-2 여의도여자고등학교,2,194296.12,547012.23,4.7,142.1,2.5,3.0,충족,2.5,2.67,충족,-0.33
40-2 여의도여자고등학교,3,194296.12,547012.23,8.2,142.1,3.0,4.17,충족,3.0,3.33,충족,-0.84
40-2 여의도여자고등학교,4,194296.12,547012.23,11.7,142.1,3.33,4.83,충족,3.33,3.67,충족,-1.16
40-2 여의도여자고등학교,5,194296.12,547012.23,15.2,142.1,4.17,5.67,충족,4.17,4.5,충족,-1.17
40-2 여의도여자고등학교,1,194292.08,547013.21,1.2,232.1,1.17,1.67,불충족,1.17,1.67,불충족,0.0
40-2 여의도여자고등학교,2,194292.08,547013.21,4.7,232.1,1.5,2.33,불충족,1.5,2.0,불충족,-0.33
40-2 여의도여자고등학교,3,194292.08,547013.21,8.2,232.1,1.83,3.33,불충족,1.83,2.5,불충족,-0.83
40-2 여의도여자고등학교,4,194292.08,547013.21,11.7,232.1,2.17,4.0,충족,2.17,2.83,충족,-1.17
40-2 여의도여자고등학교,5,194292.08,547013.21,15.2,232.1,2.67,5.0,충족,2.67,3.83,충족,-1.17
40-2 여의도여자고등학교,1,194288.99,547017.19,1.2,232.1,1.17,2.5,불충족,1.17,2.17,불충족,-0.33
40-2 여의도여자고등학교,2,194288.99,547017.19,4.7,232.1,1.83,3.33,불충족,1.5,2.5,불충족,-0.83
40-2 여의도여자고등학교,3,194288.99,547017.19,8.2,232.1,2.0,3.83,충족,1.83,3.0,불충족,-0.83
40-2 여의도여자고등학교,4,194288.99,547017.19,11.7,232.1,2.5,4.67,충족,2.17,3.5,충족,-1.17
40-2 여의도여자고등학교,5,194288.99,547017.19,15.2,232.1,5.83,5.83,충족,4.17,4.67,충족,-1.16
40-2 여의도여자고등학교,1,194285.89,547021.16,1.2,232.1,2.0,3.17,충족,1.17,2.5,불충족,-0.67
40-2 여의도여자고등학교,2,194285.89,547021.16,4.7,232.1,2.17,3.67,충족,1.5,2.83,불충족,-0.84
40-2 여의도여자고등학교,3,194285.89,547021.16,8.2,232.1,2.5,4.33,충족,1.83,3.5,불충족,-0.83
40-2 여의도여자고등학교,4,194285.89,547021.16,11.7,232.1,3.33,5.33,충족,2.0,4.33,충족,-1.0
40-2 여의도여자고등학교,5,194285.89,547021.16,15.2,232.1,5.83,5.83,충족,4.0,4.67,충족,-1.16
40-2 여의도여자고등학교,1,194282.79,547025.14,1.2,232.1,2.33,3.5,충족,1.17,3.0,불충족,-0.5
40-2 여의도여자고등학교,2,194282.79,547025.14,4.7,232.1,2.5,4.0,충족,1.5,3.33,불충족,-0.67
40-2 여의도여자고등학교,3,194282.79,547025.14,8.2,232.1,3.17,4.83,충족,1.67,4.0,충족,-0.83
40-2 여의도여자고등학교,4,194282.79,547025.14,11.7,232.1,5.83,5.83,충족,4.0,4.67,충족,-1.16
40-2 여의도여자고등학교,5,194282.79,547025.14,15.2,232.1,5.83,5.83,충족,4.0,4.67,충족,-1.16
40-3 (학교명 미상),1,194442.07,547031.77,1.2,142.0,3.67,5.5,충족,3.67,5.5,충족,0.0
40-3 (학교명 미상),2,194442.07,547031.77,4.7,142.0,3.83,6.17,충족,3.83,6.17,충족,0.0
40-3 (학교명 미상),3,194442.07,547031.77,8.2,142.0,7.0,7.0,충족,7.0,7.0,충족,0.0
40-3 (학교명 미상),4,194442.07,547031.77,11.7,142.0,7.0,7.0,충족,7.0,7.0,충족,0.0
40-3 (학교명 미상),1,194438.04,547028.63,1.2,142.0,4.0,5.5,충족,4.0,5.5,충족,0.0
40-3 (학교명 미상),2,194438.04,547028.63,4.7,142.0,4.0,6.0,충족,4.0,6.0,충족,0.0
40-3 (학교명 미상),3,194438.04,547028.63,8.2,142.0,4.33,6.67,충족,4.33,6.67,충족,0.0
40-3 (학교명 미상),4,194438.04,547028.63,11.7,142.0,7.17,7.17,충족,7.17,7.17,충족,0.0
40-3 (학교명 미상),1,194434.02,547025.48,1.2,142.0,4.33,5.5,충족,4.33,5.5,충족,0.0
40-3 (학교명 미상),2,194434.02,547025.48,4.7,142.0,4.33,5.67,충족,4.33,5.67,충족,0.0
40-3 (학교명 미상),3,194434.02,547025.48,8.2,142.0,4.33,6.17,충족,4.33,6.17,충족,0.0
40-3 (학교명 미상),4,194434.02,547025.48,11.7,142.0,4.83,7.0,충족,4.83,7.0,충족,0.0
40-3 (학교명 미상),1,194430.0,547022.34,1.2,142.0,4.67,5.67,충족,4.67,5.67,충족,0.0
40-3 (학교명 미상),2,194430.0,547022.34,4.7,142.0,4.67,5.67,충족,4.67,5.67,충족,0.0
40-3 (학교명 미상),3,194430.0,547022.34,8.2,142.0,4.67,6.0,충족,4.67,6.0,충족,0.0
40-3 (학교명 미상),4,194430.0,547022.34,11.7,142.0,4.83,6.5,충족,4.83,6.5,충족,0.0
40-3 (학교명 미상),1,194425.98,547019.2,1.2,142.0,5.0,5.83,충족,5.0,5.83,충족,0.0
40-3 (학교명 미상),2,194425.98,547019.2,4.7,142.0,5.0,5.83,충족,5.0,5.83,충족,0.0
40-3 (학교명 미상),3,194425.98,547019.2,8.2,142.0,5.0,5.83,충족,5.0,5.83,충족,0.0
40-3 (학교명 미상),4,194425.98,547019.2,11.7,142.0,5.0,6.17,충족,5.0,6.17,충족,0.0
40-3 (학교명 미상),1,194421.95,547016.05,1.2,142.0,5.5,6.17,충족,5.5,6.17,충족,0.0
40-3 (학교명 미상),2,194421.95,547016.05,4.7,142.0,5.5,6.17,충족,5.5,6.17,충족,0.0
40-3 (학교명 미상),3,194421.95,547016.05,8.2,142.0,5.5,6.17,충족,5.5,6.17,충족,0.0
40-3 (학교명 미상),4,194421.95,547016.05,11.7,142.0,5.5,6.17,충족,5.5,6.17,충족,0.0
40-3 (학교명 미상),1,194417.93,547012.91,1.2,142.0,6.0,6.5,충족,6.0,6.5,충족,0.0
40-3 (학교명 미상),2,194417.93,547012.91,4.7,142.0,6.0,6.5,충족,6.0,6.5,충족,0.0
40-3 (학교명 미상),3,194417.93,547012.91,8.2,142.0,6.0,6.5,충족,6.0,6.5,충족,0.0
40-3 (학교명 미상),4,194417.93,547012.91,11.7,142.0,6.0,6.5,충족,6.0,6.5,충족,0.0
40-3 (학교명 미상),1,194413.91,547009.77,1.2,142.0,6.33,6.67,충족,6.33,6.67,충족,0.0
40-3 (학교명 미상),2,194413.91,547009.77,4.7,142.0,6.33,6.67,충족,6.33,6.67,충족,0.0
40-3 (학교명 미상),3,194413.91,547009.77,8.2,142.0,6.33,6.67,충족,6.33,6.67,충족,0.0
40-3 (학교명 미상),4,194413.91,547009.77,11.7,142.0,6.33,6.67,충족,6.33,6.67,충족,0.0
40-3 (학교명 미상),1,194409.88,547006.63,1.2,142.0,6.5,6.5,충족,6.5,6.5,충족,0.0
40-3 (학교명 미상),2,194409.88,547006.63,4.7,142.0,6.5,6.5,충족,6.5,6.5,충족,0.0
40-3 (학교명 미상),3,194409.88,547006.63,8.2,142.0,6.5,6.5,충족,6.5,6.5,충족,0.0
40-3 (학교명 미상),4,194409.88,547006.63,11.7,142.0,6.67,6.67,충족,6.67,6.67,충족,0.0
40-3 (학교명 미상),1,194405.86,547003.48,1.2,142.0,6.67,6.67,충족,6.67,6.67,충족,0.0
40-3 (학교명 미상),2,194405.86,547003.48,4.7,142.0,6.67,6.67,충족,6.67,6.67,충족,0.0
40-3 (학교명 미상),3,194405.86,547003.48,8.2,142.0,6.83,6.83,충족,6.83,6.83,충족,0.0
40-3 (학교명 미상),4,194405.86,547003.48,11.7,142.0,6.83,6.83,충족,6.83,6.83,충족,0.0
40-3 (학교명 미상),1,194401.84,547000.34,1.2,142.0,6.83,6.83,충족,6.83,6.83,충족,0.0
40-3 (학교명 미상),2,194401.84,547000.34,4.7,142.0,6.83,6.83,충족,6.83,6.83,충족,0.0
40-3 (학교명 미상),3,194401.84,547000.34,8.2,142.0,6.83,6.83,충족,6.83,6.83,충족,0.0
40-3 (학교명 미상),4,194401.84,547000.34,11.7,142.0,7.0,7.0,충족,7.0,7.0,충족,0.0
40-3 (학교명 미상),1,194397.82,546997.2,1.2,142.0,7.0,7.0,충족,7.0,7.0,충족,0.0
40-3 (학교명 미상),2,194397.82,546997.2,4.7,142.0,7.0,7.0,충족,7.0,7.0,충족,0.0
40-3 (학교명 미상),3,194397.82,546997.2,8.2,142.0,7.0,7.0,충족,7.0,7.0,충족,0.0
40-3 (학교명 미상),4,194397.82,546997.2,11.7,142.0,7.17,7.17,충족,7.17,7.17,충족,0.0
40-3 (학교명 미상),1,194393.79,546994.05,1.2,142.0,7.0,7.0,충족,7.0,7.0,충족,0.0
40-3 (학교명 미상),2,194393.79,546994.05,4.7,142.0,7.17,7.17,충족,7.17,7.17,충족,0.0
40-3 (학교명 미상),3,194393.79,546994.05,8.2,142.0,7.17,7.17,충족,7.17,7.17,충족,0.0
40-3 (학교명 미상),4,194393.79,546994.05,11.7,142.0,7.17,7.17,충족,7.17,7.17,충족,0.0
40-3 (학교명 미상),1,194389.77,546990.91,1.2,142.0,7.17,7.17,충족,7.17,7.17,충족,0.0
40-3 (학교명 미상),2,194389.77,546990.91,4.7,142.0,7.17,7.17,충족,7.17,7.17,충족,0.0
40-3 (학교명 미상),3,194389.77,546990.91,8.2,142.0,7.17,7.17,충족,7.17,7.17,충족,0.0
40-3 (학교명 미상),4,194389.77,546990.91,11.7,142.0,7.33,7.33,충족,7.33,7.33,충족,0.0
40-3 (학교명 미상),1,194385.75,546987.77,1.2,142.0,7.33,7.33,충족,7.33,7.33,충족,0.0
40-3 (학교명 미상),2,194385.75,546987.77,4.7,142.0,7.33,7.33,충족,7.33,7.33,충족,0.0
40-3 (학교명 미상),3,194385.75,546987.77,8.2,142.0,7.33,7.33,충족,7.33,7.33,충족,0.0
40-3 (학교명 미상),4,194385.75,546987.77,11.7,142.0,7.33,7.33,충족,7.33,7.33,충족,0.0
40-3 (학교명 미상),1,194381.49,546987.37,1.2,232.0,6.0,6.0,충족,6.0,6.0,충족,0.0
40-3 (학교명 미상),2,194381.49,546987.37,4.7,232.0,6.0,6.0,충족,6.0,6.0,충족,0.0
40-3 (학교명 미상),3,194381.49,546987.37,8.2,232.0,6.0,6.0,충족,6.0,6.0,충족,0.0
40-3 (학교명 미상),4,194381.49,546987.37,11.7,232.0,6.0,6.0,충족,6.0,6.0,충족,0.0
40-3 (학교명 미상),1,194378.35,546991.39,1.2,232.0,5.67,5.67,충족,5.67,5.67,충족,0.0
40-3 (학교명 미상),2,194378.35,546991.39,4.7,232.0,5.67,5.67,충족,5.67,5.67,충족,0.0
40-3 (학교명 미상),3,194378.35,546991.39,8.2,232.0,5.67,5.67,충족,5.67,5.67,충족,0.0
40-3 (학교명 미상),4,194378.35,546991.39,11.7,232.0,5.67,5.67,충족,5.67,5.67,충족,0.0
