학교,교사동,층,X,Y,Z,창면방위
여의도초등학교,별관(5층),1,194421.39,547061.36,1.95,231.9
여의도초등학교,별관(5층),2,194421.39,547061.36,5.15,231.9
여의도초등학교,별관(5층),3,194421.39,547061.36,8.35,231.9
여의도초등학교,별관(5층),4,194421.39,547061.36,11.55,231.9
여의도초등학교,별관(5층),5,194421.39,547061.36,14.75,231.9
여의도초등학교,별관(5층),1,194419.84,547063.33,1.95,231.9
여의도초등학교,별관(5층),2,194419.84,547063.33,5.15,231.9
여의도초등학교,별관(5층),3,194419.84,547063.33,8.35,231.9
여의도초등학교,별관(5층),4,194419.84,547063.33,11.55,231.9
여의도초등학교,별관(5층),5,194419.84,547063.33,14.75,231.9
여의도초등학교,별관(5층),1,194418.3,547065.29,1.95,231.9
여의도초등학교,별관(5층),2,194418.3,547065.29,5.15,231.9
여의도초등학교,별관(5층),3,194418.3,547065.29,8.35,231.9
여의도초등학교,별관(5층),4,194418.3,547065.29,11.55,231.9
여의도초등학교,별관(5층),5,194418.3,547065.29,14.75,231.9
여의도초등학교,별관(5층),1,194416.76,547067.26,1.95,231.9
여의도초등학교,별관(5층),2,194416.76,547067.26,5.15,231.9
여의도초등학교,별관(5층),3,194416.76,547067.26,8.35,231.9
여의도초등학교,별관(5층),4,194416.76,547067.26,11.55,231.9
여의도초등학교,별관(5층),5,194416.76,547067.26,14.75,231.9
여의도초등학교,별관(5층),1,194415.21,547069.23,1.95,231.9
여의도초등학교,별관(5층),2,194415.21,547069.23,5.15,231.9
여의도초등학교,별관(5층),3,194415.21,547069.23,8.35,231.9
여의도초등학교,별관(5층),4,194415.21,547069.23,11.55,231.9
여의도초등학교,별관(5층),5,194415.21,547069.23,14.75,231.9
여의도초등학교,별관(5층),1,194413.67,547071.19,1.95,231.9
여의도초등학교,별관(5층),2,194413.67,547071.19,5.15,231.9
여의도초등학교,별관(5층),3,194413.67,547071.19,8.35,231.9
여의도초등학교,별관(5층),4,194413.67,547071.19,11.55,231.9
여의도초등학교,별관(5층),5,194413.67,547071.19,14.75,231.9
여의도초등학교,별관(5층),1,194412.13,547073.16,1.95,231.9
여의도초등학교,별관(5층),2,194412.13,547073.16,5.15,231.9
여의도초등학교,별관(5층),3,194412.13,547073.16,8.35,231.9
여의도초등학교,별관(5층),4,194412.13,547073.16,11.55,231.9
여의도초등학교,별관(5층),5,194412.13,547073.16,14.75,231.9
여의도초등학교,별관(5층),1,194410.58,547075.13,1.95,231.9
여의도초등학교,별관(5층),2,194410.58,547075.13,5.15,231.9
여의도초등학교,별관(5층),3,194410.58,547075.13,8.35,231.9
여의도초등학교,별관(5층),4,194410.58,547075.13,11.55,231.9
여의도초등학교,별관(5층),5,194410.58,547075.13,14.75,231.9
여의도초등학교,별관(5층),1,194409.04,547077.09,1.95,231.9
여의도초등학교,별관(5층),2,194409.04,547077.09,5.15,231.9
여의도초등학교,별관(5층),3,194409.04,547077.09,8.35,231.9
여의도초등학교,별관(5층),4,194409.04,547077.09,11.55,231.9
여의도초등학교,별관(5층),5,194409.04,547077.09,14.75,231.9
여의도초등학교,별관(5층),1,194407.5,547079.06,1.95,231.9
여의도초등학교,별관(5층),2,194407.5,547079.06,5.15,231.9
여의도초등학교,별관(5층),3,194407.5,547079.06,8.35,231.9
여의도초등학교,별관(5층),4,194407.5,547079.06,11.55,231.9
여의도초등학교,별관(5층),5,194407.5,547079.06,14.75,231.9
여의도초등학교,별관(5층),1,194405.95,547081.03,1.95,231.9
여의도초등학교,별관(5층),2,194405.95,547081.03,5.15,231.9
여의도초등학교,별관(5층),3,194405.95,547081.03,8.35,231.9
여의도초등학교,별관(5층),4,194405.95,547081.03,11.55,231.9
여의도초등학교,별관(5층),5,194405.95,547081.03,14.75,231.9
여의도초등학교,별관(5층),1,194401.32,547086.93,1.95,231.9
여의도초등학교,별관(5층),2,194401.32,547086.93,5.15,231.9
여의도초등학교,별관(5층),3,194401.32,547086.93,8.35,231.9
여의도초등학교,별관(5층),4,194401.32,547086.93,11.55,231.9
여의도초등학교,별관(5층),5,194401.32,547086.93,14.75,231.9
여의도초등학교,별관(5층),1,194399.78,547088.9,1.95,231.9
여의도초등학교,별관(5층),2,194399.78,547088.9,5.15,231.9
여의도초등학교,별관(5층),3,194399.78,547088.9,8.35,231.9
여의도초등학교,별관(5층),4,194399.78,547088.9,11.55,231.9
여의도초등학교,별관(5층),5,194399.78,547088.9,14.75,231.9
여의도초등학교,별관(5층),1,194398.24,547090.86,1.95,231.9
여의도초등학교,별관(5층),2,194398.24,547090.86,5.15,231.9
여의도초등학교,별관(5층),3,194398.24,547090.86,8.35,231.9
여의도초등학교,별관(5층),4,194398.24,547090.86,11.55,231.9
여의도초등학교,별관(5층),5,194398.24,547090.86,14.75,231.9
여의도초등학교,별관(5층),1,194396.69,547092.83,1.95,231.9
여의도초등학교,별관(5층),2,194396.69,547092.83,5.15,231.9
여의도초등학교,별관(5층),3,194396.69,547092.83,8.35,231.9
여의도초등학교,별관(5층),4,194396.69,547092.83,11.55,231.9
여의도초등학교,별관(5층),5,194396.69,547092.83,14.75,231.9
여의도초등학교,별관(5층),1,194395.15,547094.8,1.95,231.9
여의도초등학교,별관(5층),2,194395.15,547094.8,5.15,231.9
여의도초등학교,별관(5층),3,194395.15,547094.8,8.35,231.9
여의도초등학교,별관(5층),4,194395.15,547094.8,11.55,231.9
여의도초등학교,별관(5층),5,194395.15,547094.8,14.75,231.9
여의도초등학교,별관(5층),1,194393.61,547096.76,1.95,231.9
여의도초등학교,별관(5층),2,194393.61,547096.76,5.15,231.9
여의도초등학교,별관(5층),3,194393.61,547096.76,8.35,231.9
여의도초등학교,별관(5층),4,194393.61,547096.76,11.55,231.9
여의도초등학교,별관(5층),5,194393.61,547096.76,14.75,231.9
여의도초등학교,별관(5층),1,194392.06,547098.73,1.95,231.9
여의도초등학교,별관(5층),2,194392.06,547098.73,5.15,231.9
여의도초등학교,별관(5층),3,194392.06,547098.73,8.35,231.9
여의도초등학교,별관(5층),4,194392.06,547098.73,11.55,231.9
여의도초등학교,별관(5층),5,194392.06,547098.73,14.75,231.9
여의도초등학교,별관(5층),1,194390.52,547100.7,1.95,231.9
여의도초등학교,별관(5층),2,194390.52,547100.7,5.15,231.9
여의도초등학교,별관(5층),3,194390.52,547100.7,8.35,231.9
여의도초등학교,별관(5층),4,194390.52,547100.7,11.55,231.9
여의도초등학교,별관(5층),5,194390.52,547100.7,14.75,231.9
여의도초등학교,별관(5층),1,194388.98,547102.66,1.95,231.9
여의도초등학교,별관(5층),2,194388.98,547102.66,5.15,231.9
여의도초등학교,별관(5층),3,194388.98,547102.66,8.35,231.9
여의도초등학교,별관(5층),4,194388.98,547102.66,11.55,231.9
여의도초등학교,별관(5층),5,194388.98,547102.66,14.75,231.9
여의도초등학교,별관(5층),1,194387.44,547104.63,1.95,231.9
여의도초등학교,별관(5층),2,194387.44,547104.63,5.15,231.9
여의도초등학교,별관(5층),3,194387.44,547104.63,8.35,231.9
여의도초등학교,별관(5층),4,194387.44,547104.63,11.55,231.9
여의도초등학교,별관(5층),5,194387.44,547104.63,14.75,231.9
여의도초등학교,별관(5층),1,194430.23,547050.09,1.95,231.9
여의도초등학교,별관(5층),2,194430.23,547050.09,5.15,231.9
여의도초등학교,별관(5층),3,194430.23,547050.09,8.35,231.9
여의도초등학교,별관(5층),4,194430.23,547050.09,11.55,231.9
여의도초등학교,별관(5층),5,194430.23,547050.09,14.75,231.9
여의도초등학교,별관(5층),1,194428.68,547052.06,1.95,231.9
여의도초등학교,별관(5층),2,194428.68,547052.06,5.15,231.9
여의도초등학교,별관(5층),3,194428.68,547052.06,8.35,231.9
여의도초등학교,별관(5층),4,194428.68,547052.06,11.55,231.9
여의도초등학교,별관(5층),5,194428.68,547052.06,14.75,231.9
여의도초등학교,별관(5층),1,194427.14,547054.03,1.95,231.9
여의도초등학교,별관(5층),2,194427.14,547054.03,5.15,231.9
여의도초등학교,별관(5층),3,194427.14,547054.03,8.35,231.9
여의도초등학교,별관(5층),4,194427.14,547054.03,11.55,231.9
여의도초등학교,별관(5층),5,194427.14,547054.03,14.75,231.9
여의도초등학교,별관(5층),1,194425.6,547055.99,1.95,231.9
여의도초등학교,별관(5층),2,194425.6,547055.99,5.15,231.9
여의도초등학교,별관(5층),3,194425.6,547055.99,8.35,231.9
여의도초등학교,별관(5층),4,194425.6,547055.99,11.55,231.9
여의도초등학교,별관(5층),5,194425.6,547055.99,14.75,231.9
여의도초등학교,본관(4층),1,194443.09,547032.57,2.1,142.0
여의도초등학교,본관(4층),2,194443.09,547032.57,5.7,142.0
여의도초등학교,본관(4층),3,194443.09,547032.57,9.3,142.0
여의도초등학교,본관(4층),4,194443.09,547032.57,12.9,142.0
여의도초등학교,본관(4층),1,194441.12,547031.03,2.1,142.0
여의도초등학교,본관(4층),2,194441.12,547031.03,5.7,142.0
여의도초등학교,본관(4층),3,194441.12,547031.03,9.3,142.0
여의도초등학교,본관(4층),4,194441.12,547031.03,12.9,142.0
여의도초등학교,본관(4층),1,194439.15,547029.49,2.1,142.0
여의도초등학교,본관(4층),2,194439.15,547029.49,5.7,142.0
여의도초등학교,본관(4층),3,194439.15,547029.49,9.3,142.0
여의도초등학교,본관(4층),4,194439.15,547029.49,12.9,142.0
여의도초등학교,본관(4층),1,194437.18,547027.95,2.1,142.0
여의도초등학교,본관(4층),2,194437.18,547027.95,5.7,142.0
여의도초등학교,본관(4층),3,194437.18,547027.95,9.3,142.0
여의도초등학교,본관(4층),4,194437.18,547027.95,12.9,142.0
여의도초등학교,본관(4층),1,194435.21,547026.41,2.1,142.0
여의도초등학교,본관(4층),2,194435.21,547026.41,5.7,142.0
여의도초등학교,본관(4층),3,194435.21,547026.41,9.3,142.0
여의도초등학교,본관(4층),4,194435.21,547026.41,12.9,142.0
여의도초등학교,본관(4층),1,194433.24,547024.88,2.1,142.0
여의도초등학교,본관(4층),2,194433.24,547024.88,5.7,142.0
여의도초등학교,본관(4층),3,194433.24,547024.88,9.3,142.0
여의도초등학교,본관(4층),4,194433.24,547024.88,12.9,142.0
여의도초등학교,본관(4층),1,194431.27,547023.34,2.1,142.0
여의도초등학교,본관(4층),2,194431.27,547023.34,5.7,142.0
여의도초등학교,본관(4층),3,194431.27,547023.34,9.3,142.0
여의도초등학교,본관(4층),4,194431.27,547023.34,12.9,142.0
여의도초등학교,본관(4층),1,194429.3,547021.8,2.1,142.0
여의도초등학교,본관(4층),2,194429.3,547021.8,5.7,142.0
여의도초등학교,본관(4층),3,194429.3,547021.8,9.3,142.0
여의도초등학교,본관(4층),4,194429.3,547021.8,12.9,142.0
여의도초등학교,본관(4층),1,194427.33,547020.26,2.1,142.0
여의도초등학교,본관(4층),2,194427.33,547020.26,5.7,142.0
여의도초등학교,본관(4층),3,194427.33,547020.26,9.3,142.0
여의도초등학교,본관(4층),4,194427.33,547020.26,12.9,142.0
여의도초등학교,본관(4층),1,194425.36,547018.72,2.1,142.0
여의도초등학교,본관(4층),2,194425.36,547018.72,5.7,142.0
여의도초등학교,본관(4층),3,194425.36,547018.72,9.3,142.0
여의도초등학교,본관(4층),4,194425.36,547018.72,12.9,142.0
여의도초등학교,본관(4층),1,194423.39,547017.18,2.1,142.0
여의도초등학교,본관(4층),2,194423.39,547017.18,5.7,142.0
여의도초등학교,본관(4층),3,194423.39,547017.18,9.3,142.0
여의도초등학교,본관(4층),4,194423.39,547017.18,12.9,142.0
여의도초등학교,본관(4층),1,194421.42,547015.64,2.1,142.0
여의도초등학교,본관(4층),2,194421.42,547015.64,5.7,142.0
여의도초등학교,본관(4층),3,194421.42,547015.64,9.3,142.0
여의도초등학교,본관(4층),4,194421.42,547015.64,12.9,142.0
여의도초등학교,본관(4층),1,194419.45,547014.1,2.1,142.0
여의도초등학교,본관(4층),2,194419.45,547014.1,5.7,142.0
여의도초등학교,본관(4층),3,194419.45,547014.1,9.3,142.0
여의도초등학교,본관(4층),4,194419.45,547014.1,12.9,142.0
여의도초등학교,본관(4층),1,194417.48,547012.56,2.1,142.0
여의도초등학교,본관(4층),2,194417.48,547012.56,5.7,142.0
여의도초등학교,본관(4층),3,194417.48,547012.56,9.3,142.0
여의도초등학교,본관(4층),4,194417.48,547012.56,12.9,142.0
여의도초등학교,본관(4층),1,194415.51,547011.02,2.1,142.0
여의도초등학교,본관(4층),2,194415.51,547011.02,5.7,142.0
여의도초등학교,본관(4층),3,194415.51,547011.02,9.3,142.0
여의도초등학교,본관(4층),4,194415.51,547011.02,12.9,142.0
여의도초등학교,본관(4층),1,194413.54,547009.48,2.1,142.0
여의도초등학교,본관(4층),2,194413.54,547009.48,5.7,142.0
여의도초등학교,본관(4층),3,194413.54,547009.48,9.3,142.0
여의도초등학교,본관(4층),4,194413.54,547009.48,12.9,142.0
여의도초등학교,본관(4층),1,194411.57,547007.94,2.1,142.0
여의도초등학교,본관(4층),2,194411.57,547007.94,5.7,142.0
여의도초등학교,본관(4층),3,194411.57,547007.94,9.3,142.0
여의도초등학교,본관(4층),4,194411.57,547007.94,12.9,142.0
여의도초등학교,본관(4층),1,194409.6,547006.41,2.1,142.0
여의도초등학교,본관(4층),2,194409.6,547006.41,5.7,142.0
여의도초등학교,본관(4층),3,194409.6,547006.41,9.3,142.0
여의도초등학교,본관(4층),4,194409.6,547006.41,12.9,142.0
여의도초등학교,본관(4층),1,194407.63,547004.87,2.1,142.0
여의도초등학교,본관(4층),2,194407.63,547004.87,5.7,142.0
여의도초등학교,본관(4층),3,194407.63,547004.87,9.3,142.0
여의도초등학교,본관(4층),4,194407.63,547004.87,12.9,142.0
여의도초등학교,본관(4층),1,194405.66,547003.33,2.1,142.0
여의도초등학교,본관(4층),2,194405.66,547003.33,5.7,142.0
여의도초등학교,본관(4층),3,194405.66,547003.33,9.3,142.0
여의도초등학교,본관(4층),4,194405.66,547003.33,12.9,142.0
여의도초등학교,본관(4층),1,194403.69,547001.79,2.1,142.0
여의도초등학교,본관(4층),2,194403.69,547001.79,5.7,142.0
여의도초등학교,본관(4층),3,194403.69,547001.79,9.3,142.0
여의도초등학교,본관(4층),4,194403.69,547001.79,12.9,142.0
여의도초등학교,본관(4층),1,194401.72,547000.25,2.1,142.0
여의도초등학교,본관(4층),2,194401.72,547000.25,5.7,142.0
여의도초등학교,본관(4층),3,194401.72,547000.25,9.3,142.0
여의도초등학교,본관(4층),4,194401.72,547000.25,12.9,142.0
여의도초등학교,본관(4층),1,194399.75,546998.71,2.1,142.0
여의도초등학교,본관(4층),2,194399.75,546998.71,5.7,142.0
여의도초등학교,본관(4층),3,194399.75,546998.71,9.3,142.0
여의도초등학교,본관(4층),4,194399.75,546998.71,12.9,142.0
여의도초등학교,본관(4층),1,194397.78,546997.17,2.1,142.0
여의도초등학교,본관(4층),2,194397.78,546997.17,5.7,142.0
여의도초등학교,본관(4층),3,194397.78,546997.17,9.3,142.0
여의도초등학교,본관(4층),4,194397.78,546997.17,12.9,142.0
여의도초등학교,본관(4층),1,194395.81,546995.63,2.1,142.0
여의도초등학교,본관(4층),2,194395.81,546995.63,5.7,142.0
여의도초등학교,본관(4층),3,194395.81,546995.63,9.3,142.0
여의도초등학교,본관(4층),4,194395.81,546995.63,12.9,142.0
여의도초등학교,본관(4층),1,194393.84,546994.09,2.1,142.0
여의도초등학교,본관(4층),2,194393.84,546994.09,5.7,142.0
여의도초등학교,본관(4층),3,194393.84,546994.09,9.3,142.0
여의도초등학교,본관(4층),4,194393.84,546994.09,12.9,142.0
여의도초등학교,본관(4층),1,194391.87,546992.55,2.1,142.0
여의도초등학교,본관(4층),2,194391.87,546992.55,5.7,142.0
여의도초등학교,본관(4층),3,194391.87,546992.55,9.3,142.0
여의도초등학교,본관(4층),4,194391.87,546992.55,12.9,142.0
여의도초등학교,본관(4층),1,194389.9,546991.01,2.1,142.0
여의도초등학교,본관(4층),2,194389.9,546991.01,5.7,142.0
여의도초등학교,본관(4층),3,194389.9,546991.01,9.3,142.0
여의도초등학교,본관(4층),4,194389.9,546991.01,12.9,142.0
여의도초등학교,본관(4층),1,194387.93,546989.47,2.1,142.0
여의도초등학교,본관(4층),2,194387.93,546989.47,5.7,142.0
여의도초등학교,본관(4층),3,194387.93,546989.47,9.3,142.0
여의도초등학교,본관(4층),4,194387.93,546989.47,12.9,142.0
여의도초등학교,본관(4층),1,194385.96,546987.94,2.1,142.0
여의도초등학교,본관(4층),2,194385.96,546987.94,5.7,142.0
여의도초등학교,본관(4층),3,194385.96,546987.94,9.3,142.0
여의도초등학교,본관(4층),4,194385.96,546987.94,12.9,142.0
여의도초등학교,본관(4층),1,194383.99,546986.4,2.1,142.0
여의도초등학교,본관(4층),2,194383.99,546986.4,5.7,142.0
여의도초등학교,본관(4층),3,194383.99,546986.4,9.3,142.0
여의도초등학교,본관(4층),4,194383.99,546986.4,12.9,142.0
