순위,구성,분할비,저층방향,저층수,고층수,저층면적㎡,고층면적㎡,달성연면적㎡,연면적편차%,기준A%,균일대비%p,학교최악%p,30-1,40-1,40-2,40-3
1,분할0.05·+u(345°)측 저층·15F/57F,0.05,+u(345°)측 저층,15,57,34.2,649.0,37508.0,-0.19,85.9,0.0,-3.2,82.5,85.5,84.8,100.0
2,분할0.05·+u(345°)측 저층·16F/57F,0.05,+u(345°)측 저층,16,57,34.2,649.0,37542.0,-0.1,85.9,0.0,-3.2,82.5,85.5,84.8,100.0
3,분할0.05·+u(345°)측 저층·17F/57F,0.05,+u(345°)측 저층,17,57,34.2,649.0,37576.0,-0.01,85.9,0.0,-3.2,82.5,85.5,84.8,100.0
4,분할0.05·+u(345°)측 저층·18F/57F,0.05,+u(345°)측 저층,18,57,34.2,649.0,37610.0,0.08,85.9,0.0,-3.2,82.5,85.5,84.8,100.0
5,분할0.10·+u(345°)측 저층·15F/59F,0.1,+u(345°)측 저층,15,59,68.3,614.9,37303.0,-0.74,85.9,0.0,-3.2,82.5,85.5,84.8,100.0
6,분할0.10·+u(345°)측 저층·16F/59F,0.1,+u(345°)측 저층,16,59,68.3,614.9,37371.0,-0.56,85.9,0.0,-3.2,82.5,85.5,84.8,100.0
7,분할0.10·+u(345°)측 저층·17F/59F,0.1,+u(345°)측 저층,17,59,68.3,614.9,37440.0,-0.37,85.9,0.0,-3.2,82.5,85.5,84.8,100.0
8,분할0.10·+u(345°)측 저층·18F/59F,0.1,+u(345°)측 저층,18,59,68.3,614.9,37508.0,-0.19,85.9,0.0,-3.2,82.5,85.5,84.8,100.0
9,분할0.05·+u(345°)측 저층·19F/57F,0.05,+u(345°)측 저층,19,57,34.2,649.0,37645.0,0.17,85.9,0.0,-3.2,82.5,85.5,84.8,100.0
10,분할0.05·+u(345°)측 저층·20F/57F,0.05,+u(345°)측 저층,20,57,34.2,649.0,37679.0,0.26,85.9,0.0,-3.2,82.5,85.5,84.8,100.0
11,분할0.05·+u(345°)측 저층·21F/57F,0.05,+u(345°)측 저층,21,57,34.2,649.0,37713.0,0.35,85.9,0.0,-3.2,82.5,85.5,84.8,100.0
12,분할0.05·+u(345°)측 저층·22F/57F,0.05,+u(345°)측 저층,22,57,34.2,649.0,37747.0,0.44,85.9,0.0,-3.2,82.5,85.5,84.8,100.0
13,분할0.05·+u(345°)측 저층·23F/57F,0.05,+u(345°)측 저층,23,57,34.2,649.0,37781.0,0.54,85.9,0.0,-3.2,82.5,85.5,84.8,100.0
14,분할0.10·+u(345°)측 저층·19F/59F,0.1,+u(345°)측 저층,19,59,68.3,614.9,37576.0,-0.01,85.9,0.0,-3.2,82.5,85.5,84.8,100.0
15,분할0.10·+u(345°)측 저층·20F/59F,0.1,+u(345°)측 저층,20,59,68.3,614.9,37645.0,0.17,85.9,0.0,-3.2,82.5,85.5,84.8,100.0
16,분할0.10·+u(345°)측 저층·21F/59F,0.1,+u(345°)측 저층,21,59,68.3,614.9,37713.0,0.35,85.9,0.0,-3.2,82.5,85.5,84.8,100.0
17,분할0.10·+u(345°)측 저층·22F/59F,0.1,+u(345°)측 저층,22,59,68.3,614.9,37781.0,0.54,85.9,0.0,-3.2,82.5,85.5,84.8,100.0
18,분할0.10·+u(345°)측 저층·23F/59F,0.1,+u(345°)측 저층,23,59,68.3,614.9,37850.0,0.72,85.9,0.0,-3.2,82.5,85.5,84.8,100.0
19,분할0.05·+u(345°)측 저층·24F/57F,0.05,+u(345°)측 저층,24,57,34.2,649.0,37815.0,0.63,85.9,0.0,-3.2,82.5,85.5,84.8,100.0
20,분할0.05·+u(345°)측 저층·25F/57F,0.05,+u(345°)측 저층,25,57,34.2,649.0,37850.0,0.72,85.9,0.0,-3.2,82.5,85.5,84.8,100.0
21,분할0.05·+u(345°)측 저층·26F/57F,0.05,+u(345°)측 저층,26,57,34.2,649.0,37884.0,0.81,85.9,0.0,-3.2,82.5,85.5,84.8,100.0
22,분할0.05·+u(345°)측 저층·27F/56F,0.05,+u(345°)측 저층,27,56,34.2,649.0,37269.0,-0.83,85.9,0.0,-3.2,82.5,85.5,84.8,100.0
23,분할0.05·+u(345°)측 저층·28F/56F,0.05,+u(345°)측 저층,28,56,34.2,649.0,37303.0,-0.74,85.9,0.0,-3.2,82.5,85.5,84.8,100.0
24,분할0.10·+u(345°)측 저층·24F/58F,0.1,+u(345°)측 저층,24,58,68.3,614.9,37303.0,-0.74,85.9,0.0,-3.2,82.5,85.5,84.8,100.0
25,분할0.10·+u(345°)측 저층·25F/58F,0.1,+u(345°)측 저층,25,58,68.3,614.9,37371.0,-0.56,85.9,0.0,-3.2,82.5,85.5,84.8,100.0
26,분할0.10·+u(345°)측 저층·26F/58F,0.1,+u(345°)측 저층,26,58,68.3,614.9,37440.0,-0.37,85.9,0.0,-3.2,82.5,85.5,84.8,100.0
27,분할0.10·+u(345°)측 저층·27F/58F,0.1,+u(345°)측 저층,27,58,68.3,614.9,37508.0,-0.19,85.9,0.0,-3.2,82.5,85.5,84.8,100.0
28,분할0.10·+u(345°)측 저층·28F/58F,0.1,+u(345°)측 저층,28,58,68.3,614.9,37576.0,-0.01,85.9,0.0,-3.2,82.5,85.5,84.8,100.0
29,분할0.05·+u(345°)측 저층·29F/56F,0.05,+u(345°)측 저층,29,56,34.2,649.0,37337.0,-0.65,85.9,0.0,-3.2,82.5,85.5,84.8,100.0
30,분할0.05·+u(345°)측 저층·30F/56F,0.05,+u(345°)측 저층,30,56,34.2,649.0,37371.0,-0.56,85.9,0.0,-3.2,82.5,85.5,84.8,100.0
31,분할0.05·+u(345°)측 저층·31F/56F,0.05,+u(345°)측 저층,31,56,34.2,649.0,37406.0,-0.46,85.9,0.0,-3.2,82.5,85.5,84.8,100.0
32,분할0.05·+u(345°)측 저층·32F/56F,0.05,+u(345°)측 저층,32,56,34.2,649.0,37440.0,-0.37,85.9,0.0,-3.2,82.5,85.5,84.8,100.0
33,분할0.05·+u(345°)측 저층·33F/56F,0.05,+u(345°)측 저층,33,56,34.2,649.0,37474.0,-0.28,85.9,0.0,-3.2,82.5,85.5,84.8,100.0
34,분할0.10·+u(345°)측 저층·29F/58F,0.1,+u(345°)측 저층,29,58,68.3,614.9,37645.0,0.17,85.9,0.0,-3.2,82.5,85.5,84.8,100.0
35,분할0.10·+u(345°)측 저층·30F/58F,0.1,+u(345°)측 저층,30,58,68.3,614.9,37713.0,0.35,85.9,0.0,-3.2,82.5,85.5,84.8,100.0
36,분할0.10·+u(345°)측 저층·31F/58F,0.1,+u(345°)측 저층,31,58,68.3,614.9,37781.0,0.54,85.9,0.0,-3.2,82.5,85.5,84.8,100.0
37,분할0.10·+u(345°)측 저층·32F/58F,0.1,+u(345°)측 저층,32,58,68.3,614.9,37850.0,0.72,85.9,0.0,-3.2,82.5,85.5,84.8,100.0
38,분할0.10·+u(345°)측 저층·33F/57F,0.1,+u(345°)측 저층,33,57,68.3,614.9,37303.0,-0.74,85.9,0.0,-3.2,82.5,85.5,84.8,100.0
39,분할0.05·+u(345°)측 저층·34F/56F,0.05,+u(345°)측 저층,34,56,34.2,649.0,37508.0,-0.19,85.9,0.0,-3.2,82.5,85.5,84.8,100.0
40,분할0.05·+u(345°)측 저층·35F/56F,0.05,+u(345°)측 저층,35,56,34.2,649.0,37542.0,-0.1,85.9,0.0,-3.2,82.5,85.5,84.8,100.0
41,분할0.05·+u(345°)측 저층·36F/56F,0.05,+u(345°)측 저층,36,56,34.2,649.0,37576.0,-0.01,85.9,0.0,-3.2,82.5,85.5,84.8,100.0
42,분할0.05·+u(345°)측 저층·37F/56F,0.05,+u(345°)측 저층,37,56,34.2,649.0,37610.0,0.08,85.9,0.0,-3.2,82.5,85.5,84.8,100.0
43,분할0.05·+u(345°)측 저층·38F/56F,0.05,+u(345°)측 저층,38,56,34.2,649.0,37645.0,0.17,85.9,0.0,-3.2,82.5,85.5,84.8,100.0
44,분할0.10·+u(345°)측 저층·34F/57F,0.1,+u(345°)측 저층,34,57,68.3,614.9,37371.0,-0.56,85.9,0.0,-3.2,82.5,85.5,84.8,100.0
45,분할0.10·+u(345°)측 저층·35F/57F,0.1,+u(345°)측 저층,35,57,68.3,614.9,37440.0,-0.37,85.9,0.0,-3.2,82.5,85.5,84.8,100.0
46,분할0.10·+u(345°)측 저층·36F/57F,0.1,+u(345°)측 저층,36,57,68.3,614.9,37508.0,-0.19,85.9,0.0,-3.2,82.5,85.5,84.8,100.0
47,분할0.10·+u(345°)측 저층·37F/57F,0.1,+u(345°)측 저층,37,57,68.3,614.9,37576.0,-0.01,85.9,0.0,-3.2,82.5,85.5,84.8,100.0
48,분할0.10·+u(345°)측 저층·38F/57F,0.1,+u(345°)측 저층,38,57,68.3,614.9,37645.0,0.17,85.9,0.0,-3.2,82.5,85.5,84.8,100.0
49,분할0.05·+u(345°)측 저층·39F/56F,0.05,+u(345°)측 저층,39,56,34.2,649.0,37679.0,0.26,85.9,0.0,-3.2,82.5,85.5,84.8,100.0
50,분할0.05·+u(345°)측 저층·40F/56F,0.05,+u(345°)측 저층,40,56,34.2,649.0,37713.0,0.35,85.9,0.0,-3.2,82.5,85.5,84.8,100.0
51,분할0.05·+u(345°)측 저층·41F/56F,0.05,+u(345°)측 저층,41,56,34.2,649.0,37747.0,0.44,85.9,0.0,-3.2,82.5,85.5,84.8,100.0
52,분할0.05·+u(345°)측 저층·42F/56F,0.05,+u(345°)측 저층,42,56,34.2,649.0,37781.0,0.54,85.9,0.0,-3.2,82.5,85.5,84.8,100.0
53,분할0.05·+u(345°)측 저층·43F/56F,0.05,+u(345°)측 저층,43,56,34.2,649.0,37815.0,0.63,85.9,0.0,-3.2,82.5,85.5,84.8,100.0
54,분할0.10·+u(345°)측 저층·39F/57F,0.1,+u(345°)측 저층,39,57,68.3,614.9,37713.0,0.35,85.9,0.0,-3.2,82.5,85.5,84.8,100.0
55,분할0.10·+u(345°)측 저층·40F/57F,0.1,+u(345°)측 저층,40,57,68.3,614.9,37781.0,0.54,85.9,0.0,-3.2,82.5,85.5,84.8,100.0
56,분할0.10·+u(345°)측 저층·41F/57F,0.1,+u(345°)측 저층,41,57,68.3,614.9,37850.0,0.72,85.9,0.0,-3.2,82.5,85.5,84.8,100.0
57,분할0.10·+u(345°)측 저층·42F/56F,0.1,+u(345°)측 저층,42,56,68.3,614.9,37303.0,-0.74,85.9,0.0,-3.2,82.5,85.5,84.8,100.0
58,분할0.10·+u(345°)측 저층·43F/56F,0.1,+u(345°)측 저층,43,56,68.3,614.9,37371.0,-0.56,85.9,0.0,-3.2,82.5,85.5,84.8,100.0
