순위,중심E,중심N,기준A충족%,기준B충족%,현황대비%p,학교최악%p,조망전층%,조망저층%,최소이격m,채광2배충족,채광4배충족,불충족점수,불충족평균확보h,학교30-1%,학교40-1%,학교40-2%,학교40-3%
1,194319.18,546962.7,85.6,81.8,2.9,-3.2,89.8,62.5,12.0,X,X,98,1.38,81.6,85.5,84.8,100.0
2,194315.18,546952.7,85.4,81.5,2.8,-2.8,89.8,62.5,6.6,X,X,99,1.4,80.7,85.9,84.8,100.0
3,194317.18,546952.7,85.4,81.5,2.8,-2.8,89.6,62.0,5.4,X,X,99,1.4,80.7,85.9,84.8,100.0
4,194317.18,546954.7,85.4,81.5,2.8,-2.8,89.6,62.0,7.0,X,X,99,1.39,80.7,85.9,84.8,100.0
5,194319.18,546952.7,85.4,81.5,2.8,-3.2,89.6,62.0,4.2,X,X,99,1.4,81.1,85.5,84.8,100.0
6,194319.18,546954.7,85.4,81.5,2.8,-3.2,89.6,62.0,5.7,X,X,99,1.4,81.1,85.5,84.8,100.0
7,194317.18,546958.7,85.6,80.9,2.9,-2.8,89.4,61.2,10.1,X,X,98,1.37,81.1,85.9,84.8,100.0
8,194319.18,546960.7,85.6,81.8,2.9,-3.2,89.4,61.2,10.5,X,X,98,1.38,81.6,85.5,84.8,100.0
9,194315.18,546954.7,85.4,81.5,2.8,-2.8,89.4,61.2,8.2,X,X,99,1.4,80.7,85.9,84.8,100.0
10,194317.18,546956.7,85.4,81.5,2.8,-2.8,89.4,61.2,8.5,X,X,99,1.39,80.7,85.9,84.8,100.0
11,194315.18,546970.7,85.7,81.2,3.1,-2.8,89.4,61.0,19.7,X,X,97,1.35,81.6,85.9,84.8,100.0
12,194317.18,546970.7,85.7,80.4,3.1,-3.2,89.4,61.0,19.6,X,X,97,1.33,82.1,85.5,84.8,100.0
13,194315.18,546968.7,85.6,81.0,2.9,-2.8,89.4,61.0,19.2,X,X,98,1.38,81.1,85.9,84.8,100.0
14,194315.18,546972.7,85.6,81.0,2.9,-3.2,89.4,61.0,18.1,X,X,98,1.36,81.6,85.5,84.8,100.0
15,194317.18,546968.7,85.6,81.0,2.9,-3.2,89.4,61.0,18.0,X,X,98,1.36,81.6,85.5,84.8,100.0
16,194317.18,546960.7,85.6,80.9,2.9,-2.8,89.3,60.7,11.7,X,X,98,1.37,81.1,85.9,84.8,100.0
17,194319.18,546956.7,85.6,81.6,2.9,-3.2,89.3,60.7,7.3,X,X,98,1.38,81.6,85.5,84.8,100.0
18,194315.18,546958.7,85.4,81.5,2.8,-2.8,89.3,60.7,11.3,X,X,99,1.39,80.7,85.9,84.8,100.0
19,194315.18,546960.7,85.4,81.5,2.8,-2.8,89.3,60.7,12.9,X,X,99,1.39,80.7,85.9,84.8,100.0
20,194319.18,546958.7,85.4,81.6,2.8,-3.2,89.3,60.7,8.9,X,X,99,1.4,81.1,85.5,84.8,100.0
21,194315.18,546956.7,85.4,81.5,2.8,-2.8,89.0,59.5,9.8,X,X,99,1.4,80.7,85.9,84.8,100.0
22,194317.18,546962.7,85.4,80.9,2.8,-3.2,89.0,59.5,13.3,X,X,99,1.39,81.1,85.5,84.8,100.0
23,194317.18,546964.7,85.4,80.9,2.8,-3.2,89.0,59.5,14.8,X,X,99,1.38,81.1,85.5,84.8,100.0
24,194317.18,546966.7,85.6,81.0,2.9,-3.2,88.9,59.3,16.4,X,X,98,1.36,81.6,85.5,84.8,100.0
25,194315.18,546962.7,85.6,80.9,2.9,-2.8,88.8,59.0,14.5,X,X,98,1.38,81.1,85.9,84.8,100.0
26,194315.18,546964.7,85.6,80.9,2.9,-2.8,88.8,59.0,16.1,X,X,98,1.38,81.1,85.9,84.8,100.0
27,194315.18,546966.7,85.6,81.0,2.9,-2.8,88.8,59.0,17.7,X,X,98,1.39,81.1,85.9,84.8,100.0
28,194343.18,546974.7,85.6,81.5,2.9,-4.0,90.4,64.9,4.4,X,X,98,1.27,82.5,84.7,84.8,100.0
29,194343.18,546976.7,85.4,81.5,2.8,-4.0,90.1,63.7,3.1,X,X,99,1.29,82.1,84.7,84.8,100.0
30,194345.18,546972.7,85.6,81.0,2.9,-4.0,89.6,62.0,3.9,X,X,98,1.27,82.5,84.7,84.8,100.0
31,194343.18,546972.7,85.6,81.6,2.9,-4.0,89.5,61.5,5.2,X,X,98,1.28,82.5,84.7,84.8,100.0
32,194321.18,546962.7,85.3,81.5,2.6,-4.4,89.6,62.0,10.8,X,X,100,1.39,82.1,84.3,84.8,100.0
33,194323.18,546954.7,85.3,81.5,2.6,-4.4,89.6,62.0,3.3,X,X,100,1.4,82.1,84.3,84.8,100.0
34,194321.18,546966.7,85.4,81.6,2.8,-4.4,89.5,61.5,14.0,X,X,99,1.37,82.5,84.3,84.8,100.0
35,194319.18,546964.7,85.3,81.5,2.6,-4.4,89.4,61.2,13.6,X,X,100,1.38,82.1,84.3,84.8,100.0
36,194319.18,546970.7,85.4,80.9,2.8,-4.4,89.4,61.0,18.3,X,X,99,1.36,82.5,84.3,84.8,100.0
37,194319.18,546972.7,85.4,80.9,2.8,-4.4,89.4,61.0,19.9,X,X,99,1.35,82.5,84.3,84.8,100.0
38,194319.18,546974.7,85.4,80.9,2.8,-4.4,89.4,61.0,19.0,X,X,99,1.34,82.5,84.3,84.8,100.0
39,194319.18,546976.7,85.3,80.9,2.6,-4.4,89.4,61.0,17.4,X,X,100,1.36,82.5,84.3,84.1,100.0
40,194321.18,546964.7,85.4,81.6,2.8,-4.4,89.3,60.7,12.4,X,X,99,1.37,82.5,84.3,84.8,100.0
41,194321.18,546960.7,85.3,81.5,2.6,-4.4,89.3,60.7,9.2,X,X,100,1.39,82.1,84.3,84.8,100.0
42,194319.18,546968.7,85.4,80.9,2.8,-4.4,89.0,59.8,16.8,X,X,99,1.36,82.5,84.3,84.8,100.0
43,194319.18,546966.7,85.3,80.7,2.6,-4.4,89.0,59.8,15.2,X,X,100,1.38,82.1,84.3,84.8,100.0
44,194317.18,546972.7,85.1,80.4,2.5,-3.2,89.4,61.0,19.4,X,X,101,1.43,82.1,85.5,82.1,100.0
45,194315.18,546974.7,85.0,80.3,2.4,-3.2,89.4,61.0,16.6,X,X,102,1.44,81.6,85.5,82.1,100.0
46,194315.18,546976.7,85.0,80.4,2.4,-3.2,89.4,61.0,15.0,X,X,102,1.43,82.1,85.5,81.5,100.0
47,194315.18,546978.7,85.0,80.4,2.4,-3.2,89.4,61.0,13.4,X,X,102,1.41,82.1,85.5,81.5,100.0
48,194317.18,546976.7,84.9,80.3,2.2,-4.0,89.4,61.0,16.2,X,X,103,1.42,82.5,84.7,81.5,100.0
49,194317.18,546974.7,85.0,80.3,2.4,-4.0,89.2,60.5,17.8,X,X,102,1.41,82.5,84.7,82.1,100.0
50,194321.18,546956.7,85.1,81.3,2.5,-4.4,89.6,62.0,6.1,X,X,101,1.42,81.6,84.3,84.8,100.0
51,194321.18,546954.7,85.0,81.2,2.4,-4.4,89.6,62.0,4.5,X,X,102,1.44,81.1,84.3,84.8,100.0
52,194321.18,546958.7,85.1,81.3,2.5,-4.4,89.3,60.7,7.7,X,X,101,1.42,81.6,84.3,84.8,100.0
53,194339.18,546972.7,85.1,81.3,2.5,-5.2,90.3,64.4,7.6,X,X,101,1.34,82.5,83.5,84.8,100.0
54,194339.18,546976.7,85.1,81.3,2.5,-5.2,90.3,64.4,6.3,X,X,101,1.33,82.5,83.5,84.8,100.0
55,194321.18,546970.7,85.1,81.3,2.5,-5.2,90.0,63.2,17.1,X,X,101,1.37,82.5,83.5,84.8,100.0
56,194323.18,546972.7,85.1,80.6,2.5,-5.2,90.0,63.2,17.5,X,X,101,1.36,82.5,83.5,84.8,100.0
57,194323.18,546974.7,85.1,80.6,2.5,-5.2,90.0,63.2,19.0,X,X,101,1.36,82.5,83.5,84.8,100.0
58,194339.18,546974.7,85.1,81.3,2.5,-5.2,90.0,63.2,7.5,X,X,101,1.34,82.5,83.5,84.8,100.0
59,194339.18,546978.7,85.1,81.2,2.5,-5.2,90.0,63.2,5.1,X,X,101,1.32,82.5,83.5,84.8,100.0
60,194323.18,546970.7,85.1,80.6,2.5,-5.2,89.8,62.7,15.9,X,X,101,1.36,82.5,83.5,84.8,100.0
61,194323.18,546976.7,85.1,80.6,2.5,-5.2,89.6,62.0,18.9,X,X,101,1.36,82.5,83.5,84.8,100.0
62,194323.18,546956.7,85.0,81.2,2.4,-5.2,89.6,62.0,4.9,X,X,102,1.41,82.1,83.5,84.8,100.0
63,194321.18,546968.7,85.1,81.3,2.5,-5.2,89.5,61.5,15.5,X,X,101,1.37,82.5,83.5,84.8,100.0
64,194321.18,546972.7,85.1,81.3,2.5,-5.2,89.5,61.5,18.7,X,X,101,1.37,82.5,83.5,84.8,100.0
65,194321.18,546974.7,85.1,80.6,2.5,-5.2,89.5,61.5,20.2,X,X,101,1.37,82.5,83.5,84.8,100.0
66,194339.18,546970.7,85.1,81.3,2.5,-5.2,89.5,61.5,6.0,X,X,101,1.34,82.5,83.5,84.8,100.0
67,194323.18,546978.7,85.0,80.6,2.4,-5.2,89.5,61.5,17.7,X,X,102,1.37,82.5,83.5,84.1,100.0
68,194321.18,546978.7,85.1,80.6,2.5,-5.2,89.4,61.0,17.1,X,X,101,1.36,82.5,83.5,84.8,100.0
69,194323.18,546966.7,85.1,81.3,2.5,-5.2,89.4,61.0,12.7,X,X,101,1.37,82.5,83.5,84.8,100.0
70,194323.18,546968.7,85.1,80.6,2.5,-5.2,89.4,61.0,14.3,X,X,101,1.36,82.5,83.5,84.8,100.0
71,194323.18,546958.7,85.1,81.3,2.5,-5.2,89.3,60.7,6.4,X,X,101,1.38,82.5,83.5,84.8,100.0
72,194323.18,546960.7,85.1,81.3,2.5,-5.2,89.3,60.7,8.0,X,X,101,1.38,82.5,83.5,84.8,100.0
73,194323.18,546962.7,85.1,81.3,2.5,-5.2,89.3,60.7,9.6,X,X,101,1.37,82.5,83.5,84.8,100.0
74,194323.18,546964.7,85.1,81.3,2.5,-5.2,89.3,60.7,11.2,X,X,101,1.37,82.5,83.5,84.8,100.0
75,194321.18,546976.7,85.1,80.6,2.5,-5.2,89.2,60.5,18.7,X,X,101,1.36,82.5,83.5,84.8,100.0
76,194341.18,546972.7,85.0,81.2,2.4,-5.6,90.3,64.4,6.4,X,X,102,1.35,82.5,83.1,84.8,100.0
77,194341.18,546974.7,85.0,81.2,2.4,-5.6,90.3,64.4,5.9,X,X,102,1.34,82.5,83.1,84.8,100.0
78,194341.18,546976.7,85.0,81.2,2.4,-5.6,90.3,64.4,4.7,X,X,102,1.34,82.5,83.1,84.8,100.0
79,194341.18,546978.7,84.9,81.0,2.2,-5.6,90.3,64.4,3.5,X,X,103,1.35,82.1,83.1,84.8,100.0
80,194341.18,546970.7,85.0,81.2,2.4,-5.6,89.8,62.7,4.8,X,X,102,1.36,82.5,83.1,84.8,100.0
81,194343.18,546970.7,85.0,81.0,2.4,-5.6,89.8,62.7,3.6,X,X,102,1.35,82.5,83.1,84.8,100.0
82,194317.18,546978.7,84.7,80.3,2.1,-4.0,89.4,61.0,14.6,X,X,104,1.44,82.5,84.7,80.8,100.0
83,194319.18,546978.7,84.6,79.9,1.9,-5.2,89.4,61.0,15.9,X,X,105,1.44,82.5,83.5,82.1,100.0
