번호,구분,종류,높이_m,바닥면적_㎡,출처,중심_E,중심_N
0,화랑 A안,hwarang,172.3,961.5,hwarang_hr_bld_nopod_2026,194327.7,546974.7
1,대교 대교 101-A,daegyo,145.6,346.0,대교 신축안,194051.43,547021.42
2,대교 대교 101-B,daegyo,130.8,149.3,대교 신축안,194059.38,547006.89
3,대교 대교 101-C,daegyo,104.3,164.2,대교 신축안,194068.91,547014.55
4,대교 대교 102-A,daegyo,145.6,325.6,대교 신축안,194132.81,546996.42
5,대교 대교 102-B,daegyo,139.7,162.8,대교 신축안,194143.66,546985.71
6,대교 대교 102-C,daegyo,104.3,162.8,대교 신축안,194120.73,546988.21
7,대교 대교 103-A,daegyo,127.9,346.0,대교 신축안,194138.63,546916.66
8,대교 대교 103-B,daegyo,127.9,164.2,대교 신축안,194145.4,546902.67
9,대교 대교 103-C,daegyo,104.3,164.2,대교 신축안,194155.38,546910.7
10,대교 대교 104-A,daegyo,130.8,325.6,대교 신축안,194207.25,546903.82
11,대교 대교 104-B,daegyo,130.8,162.8,대교 신축안,194218.1,546893.11
12,대교 대교 104-C,daegyo,104.3,162.8,대교 신축안,194194.44,546896.51
13,대교 대교 P-N1,daegyo,4.5,4846.7,대교 신축안,194180.67,546987.07
14,대교 대교 P-N2,daegyo,4.5,1367.7,대교 신축안,194115.16,547036.04
15,대교 대교 P-C1,daegyo,4.5,1910.5,대교 신축안,194149.23,546937.88
16,대교 대교 P-E1,daegyo,9.0,1108.6,대교 신축안,194185.29,546880.93
17,대교 대교 P-S1,daegyo,4.5,4509.4,대교 신축안,194115.12,546935.13
18,시범 시범 105동,sibeom,58.8,55.3,시범 신축안,194230.54,546791.76
19,시범 시범 105동,sibeom,58.8,226.8,시범 신축안,194238.82,546791.99
20,시범 시범 105동,sibeom,78.0,56.9,시범 신축안,194242.82,546768.48
21,시범 시범 105동,sibeom,78.0,141.2,시범 신축안,194253.28,546759.54
22,시범 시범 104동,sibeom,52.4,174.0,시범 신축안,194271.47,546819.89
23,시범 시범 104동,sibeom,65.2,160.5,시범 신축안,194293.05,546812.52
24,시범 시범 103동,sibeom,46.0,294.0,시범 신축안,194327.58,546867.73
25,시범 시범 103동,sibeom,55.6,92.1,시범 신축안,194338.86,546837.55
26,시범 시범 103동,sibeom,55.6,72.1,시범 신축안,194343.08,546839.6
27,시범 시범 102동,sibeom,36.4,155.6,시범 신축안,194363.98,546893.61
28,시범 시범 102동,sibeom,46.0,123.6,시범 신축안,194378.26,546868.73
29,시범 시범 102동,sibeom,46.0,72.1,시범 신축안,194382.85,546871.0
30,시범 시범 101동,sibeom,27.0,450.3,시범 신축안,194397.57,546918.89
31,시범 시범 110동,sibeom,43.0,702.1,시범 신축안,194433.03,546900.59
32,시범 시범 107동,sibeom,100.6,652.2,시범 신축안,194323.51,546787.88
33,시범 시범 109동,sibeom,62.2,683.3,시범 신축안,194410.99,546847.36
34,시범 시범 108동,sibeom,78.2,700.5,시범 신축안,194388.12,546794.72
35,시범 시범 106동,sibeom,123.0,711.1,시범 신축안,194307.06,546737.34
36,시범 시범 106동,sibeom,123.0,99.5,시범 신축안,194291.21,546740.93
37,시범 시범 112동,sibeom,110.2,802.4,시범 신축안,194372.46,546723.47
38,시범 시범 113동,sibeom,132.6,791.8,시범 신축안,194364.14,546664.55
39,시범 시범 111동,sibeom,196.5,1200.0,시범 신축안,194528.37,546838.33
40,시범 시범 114동,sibeom,91.0,683.3,시범 신축안,194441.84,546742.64
41,시범 시범 118동,sibeom,87.8,686.2,시범 신축안,194502.75,546762.46
42,시범 시범 118동,sibeom,84.4,171.1,시범 신축안,194515.06,546729.18
43,시범 시범 115동,sibeom,196.5,1466.1,시범 신축안,194590.23,546827.42
44,시범 시범 116동,sibeom,94.4,983.8,시범 신축안,194651.27,546827.51
45,시범 시범 120동,sibeom,84.4,181.8,시범 신축안,194418.78,546657.34
46,시범 시범 121동,sibeom,84.4,147.0,시범 신축안,194363.29,546621.96
47,시범 시범 121동,sibeom,84.4,22.9,시범 신축안,194374.04,546609.92
48,시범 시범 121동,sibeom,84.4,55.7,시범 신축안,194381.55,546607.87
49,시범 시범 121동,sibeom,84.4,43.0,시범 신축안,194384.97,546602.95
50,시범 시범 121동,sibeom,75.0,313.6,시범 신축안,194404.8,546620.8
51,시범 시범 119동,sibeom,87.6,185.5,시범 신축안,194461.99,546695.45
52,시범 시범 119동,sibeom,87.6,69.6,시범 신축안,194478.01,546683.51
53,시범 시범 119동,sibeom,78.0,166.6,시범 신축안,194488.64,546684.42
54,시범 시범 119동,sibeom,78.0,32.8,시범 신축안,194500.41,546696.2
55,시범 시범 119동,sibeom,62.0,169.1,시범 신축안,194510.13,546703.85
56,시범 시범 117동,sibeom,88.0,171.1,시범 신축안,194552.33,546768.79
57,시범 시범 117동,sibeom,88.0,18.8,시범 신축안,194562.58,546759.36
58,시범 시범 117동,sibeom,84.8,79.0,시범 신축안,194569.47,546755.51
59,시범 시범 117동,sibeom,84.8,43.0,시범 신축안,194573.72,546750.86
60,시범 시범 117동,sibeom,68.8,108.5,시범 신축안,194582.48,546758.75
61,시범 시범 117동,sibeom,56.0,170.7,시범 신축안,194601.53,546776.05
62,시범 시범 117동,sibeom,56.0,86.0,시범 신축안,194593.37,546766.79
63,여의도중학교,school,16.1,1444.2,AL_D010,194331.21,547093.33
64,여의도중학교,school,18.1,1972.9,AL_D010,194323.57,547169.78
65,여의도고등학교,school,16.0,2836.6,AL_D010,194186.46,547286.59
66,여의도고등학교,school,12.0,613.3,AL_D010,194171.28,547218.47
67,여의도고등학교,school,4.0,173.3,AL_D010,194220.63,547268.5
68,여의도여자고등학교,school,19.9,575.0,AL_D010,194233.86,547050.69
69,여의도여자고등학교,school,15.0,473.2,AL_D010,194204.03,547028.36
70,여의도여자고등학교,school,19.9,602.4,AL_D010,194279.56,547064.7
71,여의도여자고등학교,school,13.0,803.6,AL_D010,194300.86,547031.0
72,여의도여자고등학교,school,15.0,59.4,AL_D010,194259.3,547085.48
73,여의도여자고등학교,school,19.9,154.6,AL_D010,194272.85,547088.01
74,여의도여자고등학교,school,15.0,74.4,AL_D010,194256.93,547078.03
75,여의도초등학교,school,17.0,870.4,AL_D010,194413.73,547081.59
76,여의도초등학교,school,16.0,927.9,AL_D010,194409.76,547014.65
77,여의도초등학교,school,1.0,36.1,AL_D010,194404.17,547067.28
78,여의도초등학교,school,1.0,27.4,AL_D010,194397.62,547088.85
79,여의도초등학교,school,4.0,47.2,AL_D010,194375.22,547100.92
80,여의도초등학교,school,4.0,44.9,AL_D010,194456.46,547049.89
81,여의도초등학교,school,16.0,88.1,AL_D010,194425.1,547046.91
82,기존 건물,context,44.0,785.1,AL_D010,194045.45,547134.2
83,기존 건물,context,12.0,888.1,AL_D010,194106.27,546785.11
84,기존 건물,context,44.0,942.8,AL_D010,193988.31,547079.64
85,기존 건물,context,4.0,769.3,AL_D010(높이 미상 — 1층 4m 가정),194304.75,547086.39
86,기존 건물,context,20.1,1105.8,AL_D010,194606.08,546901.14
87,기존 건물,context,11.0,1004.8,AL_D010,194082.33,547086.49
88,기존 건물,context,4.0,88.0,AL_D010(높이 미상 — 1층 4m 가정),194113.0,546775.57
89,기존 건물,context,4.0,99.9,AL_D010(높이 미상 — 1층 4m 가정),194589.45,546996.95
90,기존 건물,context,4.0,124.7,AL_D010(높이 미상 — 1층 4m 가정),194380.03,547110.93
91,기존 건물,context,41.2,1232.4,AL_D010,194206.63,547126.45
92,기존 건물,context,4.0,32.8,AL_D010(높이 미상 — 1층 4m 가정),194579.45,546902.72
93,기존 건물,context,4.0,37.0,AL_D010(높이 미상 — 1층 4m 가정),194553.43,546836.99
94,기존 건물,context,41.2,1161.6,AL_D010,194159.24,547089.66
95,기존 건물,context,35.6,1570.5,AL_D010,194032.32,546963.86
96,기존 건물,context,35.6,397.0,AL_D010,193993.61,546921.05
97,기존 건물,context,35.6,1327.4,AL_D010,194222.15,546723.14
98,기존 건물,context,35.6,1327.2,AL_D010,194141.72,546661.13
99,기존 건물,context,35.6,1147.5,AL_D010,194117.13,546855.08
100,기존 건물,context,35.6,569.1,AL_D010,194189.99,546660.07
101,기존 건물,context,35.6,435.8,AL_D010,194041.35,546857.29
102,기존 건물,context,35.6,396.8,AL_D010,193953.25,546972.63
103,기존 건물,context,35.6,797.5,AL_D010,194167.99,546710.59
104,기존 건물,context,35.6,1396.5,AL_D010,194310.09,546610.21
105,기존 건물,context,35.6,541.9,AL_D010,194229.04,546612.71
106,기존 건물,context,35.6,1157.3,AL_D010,194037.36,546795.68
107,기존 건물,context,35.6,442.4,AL_D010,194078.93,546808.73
108,기존 건물,context,4.0,30.1,AL_D010(높이 미상 — 1층 4m 가정),194493.39,547292.07
109,기존 건물,context,4.0,58.9,AL_D010(높이 미상 — 1층 4m 가정),194185.75,547299.81
110,기존 건물,context,4.0,67.2,AL_D010(높이 미상 — 1층 4m 가정),194159.94,547302.58
111,기존 건물,context,4.0,58.6,AL_D010(높이 미상 — 1층 4m 가정),194369.63,547199.44
112,기존 건물,context,4.0,40.8,AL_D010(높이 미상 — 1층 4m 가정),194575.06,547199.07
113,기존 건물,context,44.0,899.4,AL_D010,194086.85,547199.37
114,기존 건물,context,4.0,814.7,AL_D010(높이 미상 — 1층 4m 가정),194043.35,547172.38
115,기존 건물,context,4.0,63.1,AL_D010(높이 미상 — 1층 4m 가정),194325.09,547151.87
116,기존 건물,context,14.0,200.4,AL_D010,194153.87,547148.79
117,기존 건물,context,6.4,99.4,AL_D010,194318.87,547253.45
118,기존 건물,context,5.3,215.8,AL_D010,194573.67,546848.11
119,기존 건물,context,11.0,1019.3,AL_D010,194193.92,546843.61
