순위,코드,계열,형상,장단비,발코니,내부기준층㎡,건축면적㎡,외형㎡,서비스면적㎡,연면적㎡,용적률%,건폐율%,동서폭m,이격m,대지수용,기준A충족%,기준B충족%,현황대비%p,학교최악%p,학교30-1%,학교40-1%,학교40-2%,학교40-3%
1,R016,직사각형,직사각형 2:1 / 회전 105° / 발코니 장변2면,2.0,장변2면,683.3,720.2,794.2,6099.5,37580.0,400.0,7.67,30.3,8.8,가능,85.7,81.9,3.1,-3.2,82.1,85.5,84.8,100.0
2,R015,직사각형,직사각형 2:1 / 회전 105° / 발코니 4면,2.0,4면,683.3,739.7,858.6,9644.3,37580.0,400.0,7.87,31.1,7.5,가능,85.6,81.8,2.9,-3.2,81.6,85.5,84.8,100.0
3,X155,타원,타원 2:1 / 회전 120° / 발코니 4면,1.88,4면,683.3,734.6,842.0,8730.9,37580.0,400.0,7.82,30.6,7.8,가능,85.3,81.5,2.6,-4.4,82.1,84.3,84.8,100.0
4,X153,타원,타원 2:1 / 회전 90° / 발코니 4면,1.88,4면,683.3,734.6,842.0,8730.9,37580.0,400.0,7.82,23.9,10.9,가능,85.6,81.8,2.9,-3.2,81.6,85.5,84.8,100.0
5,X154,타원,타원 2:1 / 회전 105° / 발코니 4면,1.88,4면,683.3,734.6,842.0,8730.9,37580.0,400.0,7.82,25.9,8.9,가능,85.7,81.9,3.1,-3.2,82.1,85.5,84.8,100.0
6,X130,팔각형,모서리컷 팔각형 2:1 / 회전 105° / 발코니 4면,1.86,4면,683.3,737.3,850.2,9181.5,37580.0,400.0,7.85,29.7,8.5,가능,85.7,81.9,3.1,-3.2,82.1,85.5,84.8,100.0
7,R089,직사각형,직사각형 2.5:1 / 회전 105° / 발코니 4면,2.5,4면,683.3,742.1,865.9,10042.3,37580.0,400.0,7.9,30.3,5.8,가능,85.7,81.9,3.1,-3.2,82.1,85.5,84.8,100.0
8,R090,직사각형,직사각형 2.5:1 / 회전 105° / 발코니 장변2면,2.5,장변2면,683.3,724.6,807.3,6819.5,37580.0,400.0,7.71,29.6,7.2,가능,85.7,81.9,3.1,-3.2,82.1,85.5,84.8,100.0
9,R113,직사각형,직사각형 3:1 / 회전 105° / 발코니 4면,3.0,4면,683.3,744.6,873.4,10455.5,37580.0,400.0,7.93,30.0,4.3,가능,85.7,81.9,3.1,-3.2,82.1,85.5,84.8,100.0
10,R114,직사각형,직사각형 3:1 / 회전 105° / 발코니 장변2면,3.0,장변2면,683.3,728.5,819.1,7470.4,37580.0,400.0,7.75,29.2,5.7,가능,85.7,81.9,3.1,-3.2,82.1,85.5,84.8,100.0
11,X160,V(<)형,'<' 벌림 140° / 회전 15° / 발코니 4면,2.71,4면,683.3,762.2,924.4,13262.1,37580.0,400.0,8.11,31.9,0.0,초과,85.3,81.5,2.6,-4.4,82.1,84.3,84.8,100.0
12,R014,직사각형,직사각형 2:1 / 회전 90° / 발코니 장변2면,2.0,장변2면,683.3,720.2,794.2,6099.5,37580.0,400.0,7.67,21.5,8.9,가능,85.0,81.2,2.4,-4.0,80.7,84.7,84.8,100.0
13,R013,직사각형,직사각형 2:1 / 회전 90° / 발코니 4면,2.0,4면,683.3,739.7,858.6,9644.3,37580.0,400.0,7.87,21.5,7.7,가능,84.9,81.0,2.2,-4.0,80.2,84.7,84.8,100.0
14,R017,직사각형,직사각형 2:1 / 회전 120° / 발코니 4면,2.0,4면,683.3,739.7,858.6,9644.3,37580.0,400.0,7.87,38.6,8.8,가능,84.9,80.3,2.2,-5.2,81.6,83.5,84.8,100.0
15,R018,직사각형,직사각형 2:1 / 회전 120° / 발코니 장변2면,2.0,장변2면,683.3,720.2,794.2,6099.5,37580.0,400.0,7.67,37.1,10.3,가능,84.9,80.3,2.2,-5.2,81.6,83.5,84.8,100.0
16,X152,타원,타원 2:1 / 회전 75° / 발코니 4면,1.88,4면,683.3,734.6,842.0,8730.9,37580.0,400.0,7.82,25.9,13.5,가능,85.0,81.2,2.4,-4.0,80.7,84.7,84.8,100.0
17,X129,팔각형,모서리컷 팔각형 2:1 / 회전 90° / 발코니 4면,1.86,4면,683.3,737.3,850.2,9181.5,37580.0,400.0,7.85,21.6,9.5,가능,85.0,81.2,2.4,-4.0,80.7,84.7,84.8,100.0
18,X131,팔각형,모서리컷 팔각형 2:1 / 회전 120° / 발코니 4면,1.86,4면,683.3,737.3,850.2,9181.5,37580.0,400.0,7.85,35.7,9.1,가능,84.9,80.3,2.2,-5.2,81.6,83.5,84.8,100.0
19,R039,직사각형,직사각형 1.5:1 / 회전 105° / 발코니 4면,1.5,4면,683.3,737.6,852.3,9298.9,37580.0,400.0,7.85,32.6,9.2,가능,85.1,81.3,2.5,-4.4,81.6,84.3,84.8,100.0
20,R040,직사각형,직사각형 1.5:1 / 회전 105° / 발코니 장변2면,1.5,장변2면,683.3,715.3,779.3,5282.3,37580.0,400.0,7.61,31.8,10.6,가능,85.1,81.3,2.5,-4.4,81.6,84.3,84.8,100.0
21,R037,직사각형,직사각형 1.5:1 / 회전 90° / 발코니 4면,1.5,4면,683.3,737.6,852.3,9298.9,37580.0,400.0,7.85,24.3,8.8,가능,84.9,81.0,2.2,-4.0,80.2,84.7,84.8,100.0
22,R038,직사각형,직사각형 1.5:1 / 회전 90° / 발코니 장변2면,1.5,장변2면,683.3,715.3,779.3,5282.3,37580.0,400.0,7.61,24.3,9.9,가능,84.9,81.0,2.2,-4.0,80.2,84.7,84.8,100.0
23,X142,팔각형,모서리컷 팔각형 1.5:1 / 회전 105° / 발코니 4면,1.44,4면,683.3,734.9,843.0,8786.0,37580.0,400.0,7.82,31.0,10.4,가능,85.1,81.3,2.5,-4.4,81.6,84.3,84.8,100.0
24,X141,팔각형,모서리컷 팔각형 1.5:1 / 회전 90° / 발코니 4면,1.44,4면,683.3,734.9,843.0,8786.0,37580.0,400.0,7.82,24.6,10.8,가능,85.0,81.2,2.4,-4.0,80.7,84.7,84.8,100.0
25,R063,직사각형,직사각형 1.25:1 / 회전 105° / 발코니 4면,1.25,4면,683.3,736.9,850.1,9174.8,37580.0,400.0,7.84,33.8,10.1,가능,85.0,79.7,2.4,-4.4,81.1,84.3,84.8,100.0
26,R064,직사각형,직사각형 1.25:1 / 회전 105° / 발코니 장변2면,1.25,장변2면,683.3,712.5,770.9,4822.1,37580.0,400.0,7.58,33.0,11.4,가능,85.0,80.4,2.4,-4.4,81.1,84.3,84.8,100.0
27,R087,직사각형,직사각형 2.5:1 / 회전 90° / 발코니 4면,2.5,4면,683.3,742.1,865.9,10042.3,37580.0,400.0,7.9,19.5,6.6,가능,85.0,81.2,2.4,-4.0,80.7,84.7,84.8,100.0
28,R088,직사각형,직사각형 2.5:1 / 회전 90° / 발코니 장변2면,2.5,장변2면,683.3,724.6,807.3,6819.5,37580.0,400.0,7.71,19.5,7.7,가능,85.0,81.2,2.4,-4.0,80.7,84.7,84.8,100.0
29,R091,직사각형,직사각형 2.5:1 / 회전 120° / 발코니 4면,2.5,4면,683.3,742.1,865.9,10042.3,37580.0,400.0,7.9,39.1,6.7,가능,85.0,80.3,2.4,-5.2,82.1,83.5,84.8,100.0
30,R092,직사각형,직사각형 2.5:1 / 회전 120° / 발코니 장변2면,2.5,장변2면,683.3,724.6,807.3,6819.5,37580.0,400.0,7.71,37.6,8.2,가능,85.0,80.3,2.4,-5.2,82.1,83.5,84.8,100.0
31,R111,직사각형,직사각형 3:1 / 회전 90° / 발코니 4면,3.0,4면,683.3,744.6,873.4,10455.5,37580.0,400.0,7.93,18.1,5.4,가능,85.0,81.2,2.4,-4.0,80.7,84.7,84.8,100.0
32,R112,직사각형,직사각형 3:1 / 회전 90° / 발코니 장변2면,3.0,장변2면,683.3,728.5,819.1,7470.4,37580.0,400.0,7.75,18.1,6.6,가능,85.0,81.2,2.4,-4.0,80.7,84.7,84.8,100.0
33,R115,직사각형,직사각형 3:1 / 회전 120° / 발코니 4면,3.0,4면,683.3,744.6,873.4,10455.5,37580.0,400.0,7.93,39.8,4.9,가능,85.0,80.3,2.4,-5.2,82.1,83.5,84.8,100.0
34,R116,직사각형,직사각형 3:1 / 회전 120° / 발코니 장변2면,3.0,장변2면,683.3,728.5,819.1,7470.4,37580.0,400.0,7.75,38.3,6.4,가능,85.0,80.4,2.4,-5.2,82.1,83.5,84.8,100.0
35,X159,V(<)형,'<' 벌림 140° / 회전 0° / 발코니 4면,2.71,4면,683.3,762.2,924.4,13262.1,37580.0,400.0,8.11,25.0,0.0,초과,85.0,80.4,2.4,-5.2,82.1,83.5,84.8,100.0
36,X161,V(<)형,'<' 벌림 140° / 회전 30° / 발코니 4면,2.71,4면,683.3,762.2,924.4,13262.1,37580.0,400.0,8.11,42.7,0.0,초과,85.0,80.4,2.4,-5.2,82.1,83.5,84.8,100.0
37,R011,직사각형,직사각형 2:1 / 회전 75° / 발코니 4면,2.0,4면,683.3,739.7,858.6,9644.3,37580.0,400.0,7.87,31.1,9.4,가능,84.4,79.9,1.8,-5.2,80.2,83.5,84.8,100.0
38,R012,직사각형,직사각형 2:1 / 회전 75° / 발코니 장변2면,2.0,장변2면,683.3,720.2,794.2,6099.5,37580.0,400.0,7.67,30.3,10.3,가능,84.4,80.6,1.8,-5.2,80.2,83.5,84.8,100.0
39,R020,직사각형,직사각형 2:1 / 회전 135° / 발코니 장변2면,2.0,장변2면,683.3,720.2,794.2,6099.5,37580.0,400.0,7.67,41.3,10.4,가능,84.4,79.1,1.8,-5.2,80.2,83.5,84.8,100.0
40,X151,타원,타원 2:1 / 회전 60° / 발코니 4면,1.88,4면,683.3,734.6,842.0,8730.9,37580.0,400.0,7.82,30.6,16.1,가능,84.4,80.6,1.8,-5.2,80.2,83.5,84.8,100.0
41,X156,타원,타원 2:1 / 회전 135° / 발코니 4면,1.88,4면,683.3,734.6,842.0,8730.9,37580.0,400.0,7.82,36.0,7.8,가능,84.7,80.1,2.1,-5.2,81.1,83.5,84.8,100.0
42,X157,타원,타원 2:1 / 회전 150° / 발코니 4면,1.88,4면,683.3,734.6,842.0,8730.9,37580.0,400.0,7.82,40.7,8.8,가능,84.6,79.3,1.9,-5.2,80.7,83.5,84.8,100.0
43,X132,팔각형,모서리컷 팔각형 2:1 / 회전 135° / 발코니 4면,1.86,4면,683.3,737.3,850.2,9181.5,37580.0,400.0,7.85,39.2,9.1,가능,84.6,79.3,1.9,-5.2,80.7,83.5,84.8,100.0
44,X128,팔각형,모서리컷 팔각형 2:1 / 회전 75° / 발코니 4면,1.86,4면,683.3,737.3,850.2,9181.5,37580.0,400.0,7.85,29.7,11.2,가능,84.4,80.6,1.8,-5.2,80.2,83.5,84.8,100.0
45,R041,직사각형,직사각형 1.5:1 / 회전 120° / 발코니 4면,1.5,4면,683.3,737.6,852.3,9298.9,37580.0,400.0,7.85,38.6,11.0,가능,84.7,80.1,2.1,-5.2,81.1,83.5,84.8,100.0
46,R042,직사각형,직사각형 1.5:1 / 회전 120° / 발코니 장변2면,1.5,장변2면,683.3,715.3,779.3,5282.3,37580.0,400.0,7.61,37.1,12.5,가능,84.7,80.1,2.1,-5.2,81.1,83.5,84.8,100.0
47,R026,직사각형,직사각형 1.5:1 / 회전 0° / 발코니 장변2면,1.5,장변2면,683.3,715.3,779.3,5282.3,37580.0,400.0,7.61,32.0,10.6,가능,84.4,79.9,1.8,-5.2,80.2,83.5,84.8,100.0
48,R028,직사각형,직사각형 1.5:1 / 회전 15° / 발코니 장변2면,1.5,장변2면,683.3,715.3,779.3,5282.3,37580.0,400.0,7.61,37.2,12.6,가능,84.4,79.1,1.8,-5.2,80.2,83.5,84.8,100.0
49,R030,직사각형,직사각형 1.5:1 / 회전 30° / 발코니 장변2면,1.5,장변2면,683.3,715.3,779.3,5282.3,37580.0,400.0,7.61,39.9,15.8,가능,84.4,79.1,1.8,-5.2,80.2,83.5,84.8,100.0
50,R032,직사각형,직사각형 1.5:1 / 회전 45° / 발코니 장변2면,1.5,장변2면,683.3,715.3,779.3,5282.3,37580.0,400.0,7.61,39.9,16.0,가능,84.4,79.1,1.8,-5.2,80.2,83.5,84.8,100.0
51,R035,직사각형,직사각형 1.5:1 / 회전 75° / 발코니 4면,1.5,4면,683.3,737.6,852.3,9298.9,37580.0,400.0,7.85,32.6,9.8,가능,84.4,79.9,1.8,-5.2,80.2,83.5,84.8,100.0
52,R036,직사각형,직사각형 1.5:1 / 회전 75° / 발코니 장변2면,1.5,장변2면,683.3,715.3,779.3,5282.3,37580.0,400.0,7.61,31.8,10.7,가능,84.4,80.6,1.8,-5.2,80.2,83.5,84.8,100.0
53,R044,직사각형,직사각형 1.5:1 / 회전 135° / 발코니 장변2면,1.5,장변2면,683.3,715.3,779.3,5282.3,37580.0,400.0,7.61,39.9,12.7,가능,84.4,79.1,1.8,-5.2,80.2,83.5,84.8,100.0
54,R046,직사각형,직사각형 1.5:1 / 회전 150° / 발코니 장변2면,1.5,장변2면,683.3,715.3,779.3,5282.3,37580.0,400.0,7.61,39.9,10.6,가능,84.4,79.1,1.8,-5.2,80.2,83.5,84.8,100.0
55,X140,팔각형,모서리컷 팔각형 1.5:1 / 회전 75° / 발코니 4면,1.44,4면,683.3,734.9,843.0,8786.0,37580.0,400.0,7.82,31.0,11.7,가능,84.4,80.6,1.8,-5.2,80.2,83.5,84.8,100.0
56,X146,팔각형,모서리컷 팔각형 1.5:1 / 회전 165° / 발코니 4면,1.44,4면,683.3,734.9,843.0,8786.0,37580.0,400.0,7.82,38.7,10.7,가능,84.4,79.1,1.8,-5.2,80.2,83.5,84.8,100.0
57,X137,팔각형,모서리컷 팔각형 1.5:1 / 회전 30° / 발코니 4면,1.44,4면,683.3,734.9,843.0,8786.0,37580.0,400.0,7.82,39.3,15.9,가능,84.4,79.1,1.8,-5.2,80.2,83.5,84.8,100.0
58,X144,팔각형,모서리컷 팔각형 1.5:1 / 회전 135° / 발코니 4면,1.44,4면,683.3,734.9,843.0,8786.0,37580.0,400.0,7.82,37.3,11.4,가능,84.6,79.3,1.9,-5.2,80.7,83.5,84.8,100.0
59,X138,팔각형,모서리컷 팔각형 1.5:1 / 회전 45° / 발코니 4면,1.44,4면,683.3,734.9,843.0,8786.0,37580.0,400.0,7.82,37.3,16.1,가능,84.4,79.1,1.8,-5.2,80.2,83.5,84.8,100.0
60,X143,팔각형,모서리컷 팔각형 1.5:1 / 회전 120° / 발코니 4면,1.44,4면,683.3,734.9,843.0,8786.0,37580.0,400.0,7.82,35.4,11.3,가능,84.7,80.1,2.1,-5.2,81.1,83.5,84.8,100.0
61,X145,팔각형,모서리컷 팔각형 1.5:1 / 회전 150° / 발코니 4면,1.44,4면,683.3,734.9,843.0,8786.0,37580.0,400.0,7.82,39.3,10.4,가능,84.4,79.1,1.8,-5.2,80.2,83.5,84.8,100.0
62,R065,직사각형,직사각형 1.25:1 / 회전 120° / 발코니 4면,1.25,4면,683.3,736.9,850.1,9174.8,37580.0,400.0,7.84,39.0,12.3,가능,84.7,80.1,2.1,-5.2,81.1,83.5,84.8,100.0
63,R066,직사각형,직사각형 1.25:1 / 회전 120° / 발코니 장변2면,1.25,장변2면,683.3,712.5,770.9,4822.1,37580.0,400.0,7.58,37.5,13.7,가능,84.7,80.1,2.1,-5.2,81.1,83.5,84.8,100.0
64,R052,직사각형,직사각형 1.25:1 / 회전 15° / 발코니 장변2면,1.25,장변2면,683.3,712.5,770.9,4822.1,37580.0,400.0,7.58,35.1,12.2,가능,84.6,79.3,1.9,-5.2,80.7,83.5,84.8,100.0
65,R054,직사각형,직사각형 1.25:1 / 회전 30° / 발코니 장변2면,1.25,장변2면,683.3,712.5,770.9,4822.1,37580.0,400.0,7.58,38.5,15.0,가능,84.6,79.3,1.9,-5.2,80.7,83.5,84.8,100.0
66,R049,직사각형,직사각형 1.25:1 / 회전 0° / 발코니 4면,1.25,4면,683.3,736.9,850.1,9174.8,37580.0,400.0,7.84,32.2,9.7,가능,84.4,79.9,1.8,-5.2,80.2,83.5,84.8,100.0
67,R050,직사각형,직사각형 1.25:1 / 회전 0° / 발코니 장변2면,1.25,장변2면,683.3,712.5,770.9,4822.1,37580.0,400.0,7.58,29.2,10.7,가능,84.4,80.6,1.8,-5.2,80.2,83.5,84.8,100.0
68,R053,직사각형,직사각형 1.25:1 / 회전 30° / 발코니 4면,1.25,4면,683.3,736.9,850.1,9174.8,37580.0,400.0,7.84,41.1,14.8,가능,84.4,79.1,1.8,-5.2,80.2,83.5,84.8,100.0
69,R055,직사각형,직사각형 1.25:1 / 회전 45° / 발코니 4면,1.25,4면,683.3,736.9,850.1,9174.8,37580.0,400.0,7.84,41.4,15.0,가능,84.4,79.0,1.8,-5.2,80.2,83.5,84.8,100.0
70,R056,직사각형,직사각형 1.25:1 / 회전 45° / 발코니 장변2면,1.25,장변2면,683.3,712.5,770.9,4822.1,37580.0,400.0,7.58,39.3,15.2,가능,84.4,79.1,1.8,-5.2,80.2,83.5,84.8,100.0
71,R058,직사각형,직사각형 1.25:1 / 회전 60° / 발코니 장변2면,1.25,장변2면,683.3,712.5,770.9,4822.1,37580.0,400.0,7.58,37.5,12.3,가능,84.4,79.1,1.8,-5.2,80.2,83.5,84.8,100.0
72,R059,직사각형,직사각형 1.25:1 / 회전 75° / 발코니 4면,1.25,4면,683.3,736.9,850.1,9174.8,37580.0,400.0,7.84,33.8,9.8,가능,84.4,79.9,1.8,-5.2,80.2,83.5,84.8,100.0
73,R060,직사각형,직사각형 1.25:1 / 회전 75° / 발코니 장변2면,1.25,장변2면,683.3,712.5,770.9,4822.1,37580.0,400.0,7.58,33.0,10.7,가능,84.4,80.6,1.8,-5.2,80.2,83.5,84.8,100.0
74,R061,직사각형,직사각형 1.25:1 / 회전 90° / 발코니 4면,1.25,4면,683.3,736.9,850.1,9174.8,37580.0,400.0,7.84,26.4,9.2,가능,84.4,80.6,1.8,-5.2,80.2,83.5,84.8,100.0
75,R062,직사각형,직사각형 1.25:1 / 회전 90° / 발코니 장변2면,1.25,장변2면,683.3,712.5,770.9,4822.1,37580.0,400.0,7.58,26.4,10.4,가능,84.4,80.6,1.8,-5.2,80.2,83.5,84.8,100.0
76,R067,직사각형,직사각형 1.25:1 / 회전 135° / 발코니 4면,1.25,4면,683.3,736.9,850.1,9174.8,37580.0,400.0,7.84,41.4,12.4,가능,84.4,79.1,1.8,-5.2,80.2,83.5,84.8,100.0
77,R068,직사각형,직사각형 1.25:1 / 회전 135° / 발코니 장변2면,1.25,장변2면,683.3,712.5,770.9,4822.1,37580.0,400.0,7.58,39.3,13.9,가능,84.4,79.1,1.8,-5.2,80.2,83.5,84.8,100.0
78,R069,직사각형,직사각형 1.25:1 / 회전 150° / 발코니 4면,1.25,4면,683.3,736.9,850.1,9174.8,37580.0,400.0,7.84,41.1,10.2,가능,84.4,79.0,1.8,-5.2,80.2,83.5,84.8,100.0
79,R070,직사각형,직사각형 1.25:1 / 회전 150° / 발코니 장변2면,1.25,장변2면,683.3,712.5,770.9,4822.1,37580.0,400.0,7.58,38.5,11.6,가능,84.4,79.1,1.8,-5.2,80.2,83.5,84.8,100.0
80,R072,직사각형,직사각형 1.25:1 / 회전 165° / 발코니 장변2면,1.25,장변2면,683.3,712.5,770.9,4822.1,37580.0,400.0,7.58,35.1,10.4,가능,84.4,79.9,1.8,-5.2,80.2,83.5,84.8,100.0
81,R073,직사각형,직사각형 1:1 / 회전 0° / 발코니 4면,1.0,4면,683.3,736.6,849.1,9121.0,37580.0,400.0,7.84,29.1,9.6,가능,84.4,80.6,1.8,-5.2,80.2,83.5,84.8,100.0
82,R074,직사각형,직사각형 1:1 / 회전 0° / 발코니 장변2면,1.0,장변2면,683.3,709.4,761.7,4313.0,37580.0,400.0,7.55,26.1,10.5,가능,84.4,80.6,1.8,-5.2,80.2,83.5,84.8,100.0
83,R086,직사각형,직사각형 2.5:1 / 회전 75° / 발코니 장변2면,2.5,장변2면,683.3,724.6,807.3,6819.5,37580.0,400.0,7.71,29.6,9.8,가능,84.4,79.9,1.8,-5.2,80.2,83.5,84.8,100.0
84,R093,직사각형,직사각형 2.5:1 / 회전 135° / 발코니 4면,2.5,4면,683.3,742.1,865.9,10042.3,37580.0,400.0,7.9,45.2,6.8,가능,84.4,78.2,1.8,-5.2,80.2,83.5,84.8,100.0
85,R094,직사각형,직사각형 2.5:1 / 회전 135° / 발코니 장변2면,2.5,장변2면,683.3,724.6,807.3,6819.5,37580.0,400.0,7.71,43.0,8.3,가능,84.4,78.4,1.8,-5.2,80.2,83.5,84.8,100.0
86,R085,직사각형,직사각형 2.5:1 / 회전 75° / 발코니 4면,2.5,4면,683.3,742.1,865.9,10042.3,37580.0,400.0,7.9,30.3,8.9,가능,84.3,79.9,1.6,-5.2,79.7,83.5,84.8,100.0
87,R110,직사각형,직사각형 3:1 / 회전 75° / 발코니 장변2면,3.0,장변2면,683.3,728.5,819.1,7470.4,37580.0,400.0,7.75,29.2,9.2,가능,84.4,79.9,1.8,-5.2,80.2,83.5,84.8,100.0
88,R117,직사각형,직사각형 3:1 / 회전 135° / 발코니 4면,3.0,4면,683.3,744.6,873.4,10455.5,37580.0,400.0,7.93,46.9,5.0,가능,84.4,78.2,1.8,-5.2,80.2,83.5,84.8,100.0
89,R118,직사각형,직사각형 3:1 / 회전 135° / 발코니 장변2면,3.0,장변2면,683.3,728.5,819.1,7470.4,37580.0,400.0,7.75,44.8,6.5,가능,84.4,78.4,1.8,-5.2,80.2,83.5,84.8,100.0
90,R109,직사각형,직사각형 3:1 / 회전 75° / 발코니 4면,3.0,4면,683.3,744.6,873.4,10455.5,37580.0,400.0,7.93,30.0,8.3,가능,84.3,79.9,1.6,-5.2,79.7,83.5,84.8,100.0
91,R002,직사각형,직사각형 2:1 / 회전 0° / 발코니 장변2면,2.0,장변2면,683.3,720.2,794.2,6099.5,37580.0,400.0,7.67,37.0,10.2,가능,83.8,78.4,1.2,-5.2,80.2,83.5,82.1,100.0
92,R004,직사각형,직사각형 2:1 / 회전 15° / 발코니 장변2면,2.0,장변2면,683.3,720.2,794.2,6099.5,37580.0,400.0,7.67,41.3,12.9,가능,83.8,79.1,1.2,-5.2,80.2,83.5,82.1,100.0
93,R008,직사각형,직사각형 2:1 / 회전 45° / 발코니 장변2면,2.0,장변2면,683.3,720.2,794.2,6099.5,37580.0,400.0,7.67,41.3,17.1,가능,83.8,78.2,1.2,-5.2,80.2,83.5,82.1,100.0
94,R010,직사각형,직사각형 2:1 / 회전 60° / 발코니 장변2면,2.0,장변2면,683.3,720.2,794.2,6099.5,37580.0,400.0,7.67,37.1,13.2,가능,83.8,78.2,1.2,-5.2,80.2,83.5,82.1,100.0
95,R019,직사각형,직사각형 2:1 / 회전 135° / 발코니 4면,2.0,4면,683.3,739.7,858.6,9644.3,37580.0,400.0,7.87,43.5,8.9,가능,83.8,78.4,1.2,-5.2,80.2,83.5,82.1,100.0
96,R024,직사각형,직사각형 2:1 / 회전 165° / 발코니 장변2면,2.0,장변2면,683.3,720.2,794.2,6099.5,37580.0,400.0,7.67,41.3,8.8,가능,83.8,78.2,1.2,-5.2,80.2,83.5,82.1,100.0
97,X150,타원,타원 2:1 / 회전 45° / 발코니 4면,1.88,4면,683.3,734.6,842.0,8730.9,37580.0,400.0,7.82,36.0,17.9,가능,83.8,78.4,1.2,-5.2,80.2,83.5,82.1,100.0
98,X127,팔각형,모서리컷 팔각형 2:1 / 회전 60° / 발코니 4면,1.86,4면,683.3,737.3,850.2,9181.5,37580.0,400.0,7.85,35.7,13.7,가능,83.8,78.4,1.2,-5.2,80.2,83.5,82.1,100.0
99,X123,팔각형,모서리컷 팔각형 2:1 / 회전 0° / 발코니 4면,1.86,4면,683.3,737.3,850.2,9181.5,37580.0,400.0,7.85,40.3,11.1,가능,83.8,78.2,1.2,-5.2,80.2,83.5,82.1,100.0
100,X125,팔각형,모서리컷 팔각형 2:1 / 회전 30° / 발코니 4면,1.86,4면,683.3,737.3,850.2,9181.5,37580.0,400.0,7.85,42.5,17.0,가능,83.8,78.2,1.2,-5.2,80.2,83.5,82.1,100.0
101,X126,팔각형,모서리컷 팔각형 2:1 / 회전 45° / 발코니 4면,1.86,4면,683.3,737.3,850.2,9181.5,37580.0,400.0,7.85,39.2,17.2,가능,83.8,78.2,1.2,-5.2,80.2,83.5,82.1,100.0
102,R025,직사각형,직사각형 1.5:1 / 회전 0° / 발코니 4면,1.5,4면,683.3,737.6,852.3,9298.9,37580.0,400.0,7.85,35.0,9.7,가능,83.8,78.4,1.2,-5.2,80.2,83.5,82.1,100.0
103,R027,직사각형,직사각형 1.5:1 / 회전 15° / 발코니 4면,1.5,4면,683.3,737.6,852.3,9298.9,37580.0,400.0,7.85,40.1,12.0,가능,83.8,79.1,1.2,-5.2,80.2,83.5,82.1,100.0
104,R031,직사각형,직사각형 1.5:1 / 회전 45° / 발코니 4면,1.5,4면,683.3,737.6,852.3,9298.9,37580.0,400.0,7.85,42.0,15.8,가능,83.8,78.2,1.2,-5.2,80.2,83.5,82.1,100.0
105,R033,직사각형,직사각형 1.5:1 / 회전 60° / 발코니 4면,1.5,4면,683.3,737.6,852.3,9298.9,37580.0,400.0,7.85,38.6,12.2,가능,83.8,78.2,1.2,-5.2,80.2,83.5,82.1,100.0
106,R034,직사각형,직사각형 1.5:1 / 회전 60° / 발코니 장변2면,1.5,장변2면,683.3,715.3,779.3,5282.3,37580.0,400.0,7.61,37.1,12.8,가능,83.8,79.1,1.2,-5.2,80.2,83.5,82.1,100.0
107,R043,직사각형,직사각형 1.5:1 / 회전 135° / 발코니 4면,1.5,4면,683.3,737.6,852.3,9298.9,37580.0,400.0,7.85,42.0,11.2,가능,83.8,78.4,1.2,-5.2,80.2,83.5,82.1,100.0
108,R047,직사각형,직사각형 1.5:1 / 회전 165° / 발코니 4면,1.5,4면,683.3,737.6,852.3,9298.9,37580.0,400.0,7.85,40.1,8.7,가능,83.8,78.2,1.2,-5.2,80.2,83.5,82.1,100.0
109,R048,직사각형,직사각형 1.5:1 / 회전 165° / 발코니 장변2면,1.5,장변2면,683.3,715.3,779.3,5282.3,37580.0,400.0,7.61,37.2,9.9,가능,83.8,79.1,1.2,-5.2,80.2,83.5,82.1,100.0
110,X136,팔각형,모서리컷 팔각형 1.5:1 / 회전 15° / 발코니 4면,1.44,4면,683.3,734.9,843.0,8786.0,37580.0,400.0,7.82,38.7,13.2,가능,83.8,79.1,1.2,-5.2,80.2,83.5,82.1,100.0
111,X135,팔각형,모서리컷 팔각형 1.5:1 / 회전 0° / 발코니 4면,1.44,4면,683.3,734.9,843.0,8786.0,37580.0,400.0,7.82,35.4,11.7,가능,83.8,79.1,1.2,-5.2,80.2,83.5,82.1,100.0
112,X139,팔각형,모서리컷 팔각형 1.5:1 / 회전 60° / 발코니 4면,1.44,4면,683.3,734.9,843.0,8786.0,37580.0,400.0,7.82,35.4,13.4,가능,83.8,79.1,1.2,-5.2,80.2,83.5,82.1,100.0
113,R051,직사각형,직사각형 1.25:1 / 회전 15° / 발코니 4면,1.25,4면,683.3,736.9,850.1,9174.8,37580.0,400.0,7.84,38.0,11.6,가능,83.8,79.1,1.2,-5.2,80.2,83.5,82.1,100.0
114,R057,직사각형,직사각형 1.25:1 / 회전 60° / 발코니 4면,1.25,4면,683.3,736.9,850.1,9174.8,37580.0,400.0,7.84,39.0,11.8,가능,83.8,78.2,1.2,-5.2,80.2,83.5,82.1,100.0
115,R071,직사각형,직사각형 1.25:1 / 회전 165° / 발코니 4면,1.25,4면,683.3,736.9,850.1,9174.8,37580.0,400.0,7.84,38.0,9.2,가능,83.8,78.2,1.2,-5.2,80.2,83.5,82.1,100.0
116,R009,직사각형,직사각형 2:1 / 회전 60° / 발코니 4면,2.0,4면,683.3,739.7,858.6,9644.3,37580.0,400.0,7.87,38.6,12.6,가능,83.7,78.2,1.0,-5.2,80.2,83.5,81.5,100.0
117,R021,직사각형,직사각형 2:1 / 회전 150° / 발코니 4면,2.0,4면,683.3,739.7,858.6,9644.3,37580.0,400.0,7.87,45.4,7.5,가능,83.7,78.2,1.0,-5.2,80.2,83.5,81.5,100.0
118,R022,직사각형,직사각형 2:1 / 회전 150° / 발코니 장변2면,2.0,장변2면,683.3,720.2,794.2,6099.5,37580.0,400.0,7.67,42.8,8.9,가능,83.7,78.2,1.0,-5.2,80.2,83.5,81.5,100.0
119,R001,직사각형,직사각형 2:1 / 회전 0° / 발코니 4면,2.0,4면,683.3,739.7,858.6,9644.3,37580.0,400.0,7.87,40.0,9.3,가능,83.5,78.2,0.9,-5.2,80.2,83.5,80.8,100.0
120,X158,타원,타원 2:1 / 회전 165° / 발코니 4면,1.88,4면,683.3,734.6,842.0,8730.9,37580.0,400.0,7.82,43.7,10.7,가능,83.7,78.2,1.0,-5.2,80.2,83.5,81.5,100.0
121,X149,타원,타원 2:1 / 회전 30° / 발코니 4면,1.88,4면,683.3,734.6,842.0,8730.9,37580.0,400.0,7.82,40.7,17.8,가능,83.7,78.2,1.0,-5.2,80.2,83.5,81.5,100.0
122,X133,팔각형,모서리컷 팔각형 2:1 / 회전 150° / 발코니 4면,1.86,4면,683.3,737.3,850.2,9181.5,37580.0,400.0,7.85,42.5,8.5,가능,83.7,78.2,1.0,-5.2,80.2,83.5,81.5,100.0
123,R029,직사각형,직사각형 1.5:1 / 회전 30° / 발코니 4면,1.5,4면,683.3,737.6,852.3,9298.9,37580.0,400.0,7.85,42.5,15.6,가능,83.7,78.2,1.0,-5.2,80.2,83.5,81.5,100.0
124,R045,직사각형,직사각형 1.5:1 / 회전 150° / 발코니 4면,1.5,4면,683.3,737.6,852.3,9298.9,37580.0,400.0,7.85,42.5,9.2,가능,83.7,78.2,1.0,-5.2,80.2,83.5,81.5,100.0
125,R084,직사각형,직사각형 2.5:1 / 회전 60° / 발코니 장변2면,2.5,장변2면,683.3,724.6,807.3,6819.5,37580.0,400.0,7.71,37.6,13.2,가능,83.7,78.2,1.0,-5.2,80.2,83.5,81.5,100.0
126,R095,직사각형,직사각형 2.5:1 / 회전 150° / 발코니 4면,2.5,4면,683.3,742.1,865.9,10042.3,37580.0,400.0,7.9,48.2,5.8,가능,83.7,77.5,1.0,-5.2,80.2,83.5,81.5,100.0
127,R096,직사각형,직사각형 2.5:1 / 회전 150° / 발코니 장변2면,2.5,장변2면,683.3,724.6,807.3,6819.5,37580.0,400.0,7.71,45.6,7.2,가능,83.7,78.2,1.0,-5.2,80.2,83.5,81.5,100.0
128,R076,직사각형,직사각형 2.5:1 / 회전 0° / 발코니 장변2면,2.5,장변2면,683.3,724.6,807.3,6819.5,37580.0,400.0,7.71,41.3,9.6,가능,83.5,78.2,0.9,-5.2,80.2,83.5,80.8,100.0
129,R083,직사각형,직사각형 2.5:1 / 회전 60° / 발코니 4면,2.5,4면,683.3,742.1,865.9,10042.3,37580.0,400.0,7.9,39.1,12.7,가능,83.4,78.2,0.7,-5.2,79.7,83.5,80.8,100.0
130,R120,직사각형,직사각형 3:1 / 회전 150° / 발코니 장변2면,3.0,장변2면,683.3,728.5,819.1,7470.4,37580.0,400.0,7.75,48.3,5.7,가능,83.7,78.2,1.0,-5.2,80.2,83.5,81.5,100.0
131,R005,직사각형,직사각형 2:1 / 회전 30° / 발코니 4면,2.0,4면,683.3,739.7,858.6,9644.3,37580.0,400.0,7.87,45.4,16.6,가능,83.1,77.5,0.4,-5.2,80.2,83.5,78.8,100.0
132,R006,직사각형,직사각형 2:1 / 회전 30° / 발코니 장변2면,2.0,장변2면,683.3,720.2,794.2,6099.5,37580.0,400.0,7.67,42.8,16.8,가능,83.1,78.2,0.4,-5.2,80.2,83.5,78.8,100.0
133,R023,직사각형,직사각형 2:1 / 회전 165° / 발코니 4면,2.0,4면,683.3,739.7,858.6,9644.3,37580.0,400.0,7.87,44.2,7.6,가능,83.1,77.5,0.4,-5.2,80.2,83.5,78.8,100.0
134,R007,직사각형,직사각형 2:1 / 회전 45° / 발코니 4면,2.0,4면,683.3,739.7,858.6,9644.3,37580.0,400.0,7.87,43.5,16.9,가능,82.9,77.5,0.3,-5.2,80.2,83.5,78.1,100.0
135,R003,직사각형,직사각형 2:1 / 회전 15° / 발코니 4면,2.0,4면,683.3,739.7,858.6,9644.3,37580.0,400.0,7.87,44.2,12.4,가능,82.8,77.5,0.1,-5.2,80.2,83.5,77.5,100.0
136,X147,타원,타원 2:1 / 회전 0° / 발코니 4면,1.88,4면,683.3,734.6,842.0,8730.9,37580.0,400.0,7.82,44.8,13.3,가능,83.1,77.5,0.4,-5.2,80.2,83.5,78.8,100.0
137,X148,타원,타원 2:1 / 회전 15° / 발코니 4면,1.88,4면,683.3,734.6,842.0,8730.9,37580.0,400.0,7.82,43.7,16.0,가능,82.9,77.5,0.3,-5.2,80.2,83.5,78.1,100.0
138,X134,팔각형,모서리컷 팔각형 2:1 / 회전 165° / 발코니 4면,1.86,4면,683.3,737.3,850.2,9181.5,37580.0,400.0,7.85,42.8,9.4,가능,83.1,78.2,0.4,-5.2,80.2,83.5,78.8,100.0
139,X124,팔각형,모서리컷 팔각형 2:1 / 회전 15° / 발코니 4면,1.86,4면,683.3,737.3,850.2,9181.5,37580.0,400.0,7.85,42.8,13.5,가능,82.9,77.5,0.3,-5.2,80.2,83.5,78.1,100.0
140,R098,직사각형,직사각형 2.5:1 / 회전 165° / 발코니 장변2면,2.5,장변2면,683.3,724.6,807.3,6819.5,37580.0,400.0,7.71,45.0,7.7,가능,83.1,77.5,0.4,-5.2,80.2,83.5,78.8,100.0
141,R080,직사각형,직사각형 2.5:1 / 회전 30° / 발코니 장변2면,2.5,장변2면,683.3,724.6,807.3,6819.5,37580.0,400.0,7.71,45.6,17.5,가능,82.9,77.5,0.3,-5.2,80.2,83.5,78.1,100.0
142,R078,직사각형,직사각형 2.5:1 / 회전 15° / 발코니 장변2면,2.5,장변2면,683.3,724.6,807.3,6819.5,37580.0,400.0,7.71,45.0,13.0,가능,82.8,77.5,0.1,-5.2,80.2,83.5,77.5,100.0
143,R079,직사각형,직사각형 2.5:1 / 회전 30° / 발코니 4면,2.5,4면,683.3,742.1,865.9,10042.3,37580.0,400.0,7.9,48.2,17.3,가능,82.8,77.5,0.1,-5.2,80.2,83.5,77.5,100.0
144,R082,직사각형,직사각형 2.5:1 / 회전 45° / 발코니 장변2면,2.5,장변2면,683.3,724.6,807.3,6819.5,37580.0,400.0,7.71,43.0,17.8,가능,82.8,77.5,0.1,-5.2,80.2,83.5,77.5,100.0
145,R097,직사각형,직사각형 2.5:1 / 회전 165° / 발코니 4면,2.5,4면,683.3,742.1,865.9,10042.3,37580.0,400.0,7.9,47.9,6.5,가능,82.8,77.5,0.1,-5.2,80.2,83.5,77.5,100.0
146,X170,V(<)형,'<' 벌림 140° / 회전 165° / 발코니 4면,2.71,4면,683.3,762.2,924.4,13262.1,37580.0,400.0,8.11,31.9,9.2,가능,83.1,78.5,0.4,-4.0,79.2,84.7,78.1,100.0
147,R122,직사각형,직사각형 3:1 / 회전 165° / 발코니 장변2면,3.0,장변2면,683.3,728.5,819.1,7470.4,37580.0,400.0,7.75,48.4,6.5,가능,83.1,77.5,0.4,-5.2,80.2,83.5,78.8,100.0
148,R107,직사각형,직사각형 3:1 / 회전 60° / 발코니 4면,3.0,4면,683.3,744.6,873.4,10455.5,37580.0,400.0,7.93,39.8,12.6,가능,82.9,78.4,0.3,-5.2,79.7,83.5,78.8,100.0
149,R108,직사각형,직사각형 3:1 / 회전 60° / 발코니 장변2면,3.0,장변2면,683.3,728.5,819.1,7470.4,37580.0,400.0,7.75,38.3,13.2,가능,82.9,78.4,0.3,-5.2,79.7,83.5,78.8,100.0
150,R119,직사각형,직사각형 3:1 / 회전 150° / 발코니 4면,3.0,4면,683.3,744.6,873.4,10455.5,37580.0,400.0,7.93,50.9,4.3,가능,82.9,76.8,0.3,-5.2,80.2,83.5,78.1,100.0
151,X162,V(<)형,'<' 벌림 140° / 회전 45° / 발코니 4면,2.71,4면,683.3,762.2,924.4,13262.1,37580.0,400.0,8.11,53.7,0.0,초과,83.1,76.9,0.4,-5.6,81.1,83.1,78.1,100.0
152,R075,직사각형,직사각형 2.5:1 / 회전 0° / 발코니 4면,2.5,4면,683.3,742.1,865.9,10042.3,37580.0,400.0,7.9,44.3,8.7,가능,82.6,77.5,0.0,-5.2,79.7,83.5,77.5,100.0
153,R077,직사각형,직사각형 2.5:1 / 회전 15° / 발코니 4면,2.5,4면,683.3,742.1,865.9,10042.3,37580.0,400.0,7.9,47.9,12.4,가능,82.6,77.5,0.0,-5.2,79.7,83.5,77.5,100.0
154,R081,직사각형,직사각형 2.5:1 / 회전 45° / 발코니 4면,2.5,4면,683.3,742.1,865.9,10042.3,37580.0,400.0,7.9,45.2,17.6,가능,82.6,77.5,0.0,-5.2,79.7,83.5,77.5,100.0
155,R100,직사각형,직사각형 3:1 / 회전 0° / 발코니 장변2면,3.0,장변2면,683.3,728.5,819.1,7470.4,37580.0,400.0,7.75,45.3,9.0,가능,82.6,77.5,0.0,-5.2,79.7,83.5,77.5,100.0
156,R104,직사각형,직사각형 3:1 / 회전 30° / 발코니 장변2면,3.0,장변2면,683.3,728.5,819.1,7470.4,37580.0,400.0,7.75,48.3,18.0,가능,82.6,77.5,0.0,-5.2,79.7,83.5,77.5,100.0
157,R106,직사각형,직사각형 3:1 / 회전 45° / 발코니 장변2면,3.0,장변2면,683.3,728.5,819.1,7470.4,37580.0,400.0,7.75,44.8,18.3,가능,82.6,77.5,0.0,-5.2,79.7,83.5,77.5,100.0
158,R102,직사각형,직사각형 3:1 / 회전 15° / 발코니 장변2면,3.0,장변2면,683.3,728.5,819.1,7470.4,37580.0,400.0,7.75,48.4,12.9,가능,82.1,77.5,-0.6,-5.2,79.7,83.5,74.8,100.0
159,R099,직사각형,직사각형 3:1 / 회전 0° / 발코니 4면,3.0,4면,683.3,744.6,873.4,10455.5,37580.0,400.0,7.93,48.3,8.1,가능,81.9,76.5,-0.7,-5.2,79.2,83.5,74.8,100.0
160,R105,직사각형,직사각형 3:1 / 회전 45° / 발코니 4면,3.0,4면,683.3,744.6,873.4,10455.5,37580.0,400.0,7.93,46.9,18.1,가능,81.9,76.5,-0.7,-5.2,79.2,83.5,74.8,100.0
161,R121,직사각형,직사각형 3:1 / 회전 165° / 발코니 4면,3.0,4면,683.3,744.6,873.4,10455.5,37580.0,400.0,7.93,51.3,5.3,가능,81.9,76.5,-0.7,-5.2,79.7,83.5,74.2,100.0
162,R101,직사각형,직사각형 3:1 / 회전 15° / 발코니 4면,3.0,4면,683.3,744.6,873.4,10455.5,37580.0,400.0,7.93,51.3,12.3,가능,81.3,76.0,-1.3,-5.2,79.7,83.5,71.5,100.0
163,R103,직사각형,직사각형 3:1 / 회전 30° / 발코니 4면,3.0,4면,683.3,744.6,873.4,10455.5,37580.0,400.0,7.93,50.9,17.7,가능,81.0,76.2,-1.6,-5.6,79.2,83.1,71.5,100.0
164,X169,V(<)형,'<' 벌림 140° / 회전 150° / 발코니 4면,2.71,4면,683.3,762.2,924.4,13262.1,37580.0,400.0,8.11,42.7,15.6,가능,79.7,74.4,-2.9,-5.7,76.9,83.5,68.2,100.0
165,X163,V(<)형,'<' 벌림 140° / 회전 60° / 발코니 4면,2.71,4면,683.3,762.2,924.4,13262.1,37580.0,400.0,8.11,61.0,0.0,초과,79.3,72.8,-3.4,-6.8,80.2,81.9,64.2,100.0
166,X164,V(<)형,'<' 벌림 140° / 회전 75° / 발코니 4면,2.71,4면,683.3,762.2,924.4,13262.1,37580.0,400.0,8.11,65.3,2.7,초과,75.4,68.5,-7.2,-10.6,76.4,80.7,54.3,100.0
167,X168,V(<)형,'<' 벌림 140° / 회전 135° / 발코니 4면,2.71,4면,683.3,762.2,924.4,13262.1,37580.0,400.0,8.11,53.7,13.5,가능,74.4,67.4,-8.2,-15.9,75.5,81.9,49.0,100.0
168,X165,V(<)형,'<' 벌림 140° / 회전 90° / 발코니 4면,2.71,4면,683.3,762.2,924.4,13262.1,37580.0,400.0,8.11,67.6,8.8,가능,74.0,66.0,-8.7,-13.2,75.5,79.1,51.7,100.0
169,X166,V(<)형,'<' 벌림 140° / 회전 105° / 발코니 4면,2.71,4면,683.3,762.2,924.4,13262.1,37580.0,400.0,8.11,65.3,15.5,가능,72.6,64.3,-10.0,-19.9,75.0,79.9,45.0,100.0
170,X167,V(<)형,'<' 벌림 140° / 회전 120° / 발코니 4면,2.71,4면,683.3,762.2,924.4,13262.1,37580.0,400.0,8.11,61.0,13.7,가능,72.4,65.1,-10.3,-22.5,75.0,80.7,42.4,100.0
